-- MariaDB dump 10.17  Distrib 10.4.11-MariaDB, for debian-linux-gnu (x86_64)
--
-- Host: localhost    Database: JunkFood
-- ------------------------------------------------------
-- Server version	10.4.11-MariaDB-1:10.4.11+maria~bionic-log

/*!40101 SET @OLD_CHARACTER_SET_CLIENT=@@CHARACTER_SET_CLIENT */;
/*!40101 SET @OLD_CHARACTER_SET_RESULTS=@@CHARACTER_SET_RESULTS */;
/*!40101 SET @OLD_COLLATION_CONNECTION=@@COLLATION_CONNECTION */;
/*!40101 SET NAMES utf8mb4 */;
/*!40103 SET @OLD_TIME_ZONE=@@TIME_ZONE */;
/*!40103 SET TIME_ZONE='+00:00' */;
/*!40014 SET @OLD_UNIQUE_CHECKS=@@UNIQUE_CHECKS, UNIQUE_CHECKS=0 */;
/*!40014 SET @OLD_FOREIGN_KEY_CHECKS=@@FOREIGN_KEY_CHECKS, FOREIGN_KEY_CHECKS=0 */;
/*!40101 SET @OLD_SQL_MODE=@@SQL_MODE, SQL_MODE='NO_AUTO_VALUE_ON_ZERO' */;
/*!40111 SET @OLD_SQL_NOTES=@@SQL_NOTES, SQL_NOTES=0 */;

--
-- Current Database: `JunkFood`
--

CREATE DATABASE /*!32312 IF NOT EXISTS*/ `JunkFood` /*!40100 DEFAULT CHARACTER SET latin1 */;

USE `JunkFood`;

--
-- Table structure for table `Cartes`
--

DROP TABLE IF EXISTS `Cartes`;
/*!40101 SET @saved_cs_client     = @@character_set_client */;
/*!40101 SET character_set_client = utf8 */;
CREATE TABLE `Cartes` (
  `pays_id` int(11) NOT NULL,
  `item_id` int(11) DEFAULT NULL,
  UNIQUE KEY `pays_id` (`pays_id`,`item_id`),
  KEY `Cartes_fk1` (`item_id`),
  CONSTRAINT `Cartes_fk0` FOREIGN KEY (`pays_id`) REFERENCES `Pays` (`id`) ON DELETE CASCADE,
  CONSTRAINT `Cartes_fk1` FOREIGN KEY (`item_id`) REFERENCES `Items` (`id`) ON DELETE CASCADE
) ENGINE=InnoDB DEFAULT CHARSET=latin1;
/*!40101 SET character_set_client = @saved_cs_client */;

--
-- Dumping data for table `Cartes`
--

LOCK TABLES `Cartes` WRITE;
/*!40000 ALTER TABLE `Cartes` DISABLE KEYS */;
INSERT INTO `Cartes` VALUES (1,1),(1,2),(1,3),(1,4),(1,5),(1,6),(1,7),(1,8),(1,9),(1,10),(1,11),(1,12),(1,13),(1,14),(1,15),(1,16),(1,17),(2,2),(2,3),(2,5),(2,7),(2,8),(2,9),(2,10),(2,11),(2,12),(2,13),(2,14),(2,16),(2,17),(3,1),(3,2),(3,4),(3,6),(3,7),(3,8),(3,9),(3,10),(3,11),(3,12),(3,13),(3,14),(3,15);
/*!40000 ALTER TABLE `Cartes` ENABLE KEYS */;
UNLOCK TABLES;

--
-- Table structure for table `Ingredients`
--

DROP TABLE IF EXISTS `Ingredients`;
/*!40101 SET @saved_cs_client     = @@character_set_client */;
/*!40101 SET character_set_client = utf8 */;
CREATE TABLE `Ingredients` (
  `id` int(11) NOT NULL AUTO_INCREMENT,
  `nom` varchar(255) NOT NULL,
  `prix` double NOT NULL,
  PRIMARY KEY (`id`)
) ENGINE=InnoDB AUTO_INCREMENT=17 DEFAULT CHARSET=latin1;
/*!40101 SET character_set_client = @saved_cs_client */;

--
-- Dumping data for table `Ingredients`
--

LOCK TABLES `Ingredients` WRITE;
/*!40000 ALTER TABLE `Ingredients` DISABLE KEYS */;
INSERT INTO `Ingredients` VALUES (1,'pain',0.5),(2,'steak',1.1),(3,'salade',0.8),(4,'tomate',0.3),(5,'cornichons',0.2),(6,'fromage',0.4),(7,'poulet',1),(8,'panure',0.3),(9,'sauce',0.1),(10,'patates',0.1),(11,'huile',3),(12,'vinaigrette',1.5),(13,'croutons',0.1),(14,'glace',0.9),(15,'caramel',0.5),(16,'coulis',0.6);
/*!40000 ALTER TABLE `Ingredients` ENABLE KEYS */;
UNLOCK TABLES;

--
-- Table structure for table `Items`
--

DROP TABLE IF EXISTS `Items`;
/*!40101 SET @saved_cs_client     = @@character_set_client */;
/*!40101 SET character_set_client = utf8 */;
CREATE TABLE `Items` (
  `id` int(11) NOT NULL AUTO_INCREMENT,
  `nom` varchar(255) NOT NULL,
  `type_item` enum('plat','boisson','dessert','menu') NOT NULL,
  `taille_boisson` enum('S','M','L') DEFAULT NULL,
  `prix` double NOT NULL,
  PRIMARY KEY (`id`)
) ENGINE=InnoDB AUTO_INCREMENT=18 DEFAULT CHARSET=latin1;
/*!40101 SET character_set_client = @saved_cs_client */;

--
-- Dumping data for table `Items`
--

LOCK TABLES `Items` WRITE;
/*!40000 ALTER TABLE `Items` DISABLE KEYS */;
INSERT INTO `Items` VALUES (1,'Cheeseburger','plat',NULL,5),(2,'Double cheese','plat',NULL,6.5),(3,'Nuggets','plat',NULL,5.5),(4,'Frites','plat',NULL,3),(5,'Salade Ceasar','plat',NULL,7),(6,'Sunday Caramel','dessert',NULL,4),(7,'Sunday Fraise','dessert',NULL,4),(8,'Coca','boisson','S',1.5),(9,'Coca','boisson','M',2.5),(10,'Coca','boisson','L',3),(11,'Icetea','boisson','S',1.5),(12,'Icetea','boisson','M',2.5),(13,'Icetea','boisson','L',3),(14,'Menu Double','menu',NULL,8.5),(15,'Menu Nuggets','menu',NULL,7.5),(16,'Menu Frites','menu',NULL,5),(17,'Menu Salade','menu',NULL,9);
/*!40000 ALTER TABLE `Items` ENABLE KEYS */;
UNLOCK TABLES;

--
-- Table structure for table `Menus`
--

DROP TABLE IF EXISTS `Menus`;
/*!40101 SET @saved_cs_client     = @@character_set_client */;
/*!40101 SET character_set_client = utf8 */;
CREATE TABLE `Menus` (
  `id` int(11) NOT NULL,
  `plat` int(11) NOT NULL,
  `dessert` int(11) NOT NULL,
  `boisson` int(11) NOT NULL,
  PRIMARY KEY (`id`),
  KEY `Menus_fk0` (`plat`),
  KEY `Menus_fk1` (`dessert`),
  KEY `Menus_fk2` (`boisson`),
  CONSTRAINT `Menus_fk0` FOREIGN KEY (`plat`) REFERENCES `Items` (`id`) ON DELETE CASCADE,
  CONSTRAINT `Menus_fk1` FOREIGN KEY (`dessert`) REFERENCES `Items` (`id`) ON DELETE CASCADE,
  CONSTRAINT `Menus_fk2` FOREIGN KEY (`boisson`) REFERENCES `Items` (`id`) ON DELETE CASCADE
) ENGINE=InnoDB DEFAULT CHARSET=latin1;
/*!40101 SET character_set_client = @saved_cs_client */;

--
-- Dumping data for table `Menus`
--

LOCK TABLES `Menus` WRITE;
/*!40000 ALTER TABLE `Menus` DISABLE KEYS */;
INSERT INTO `Menus` VALUES (14,2,10,6),(15,3,13,6),(16,4,8,7),(17,5,12,7);
/*!40000 ALTER TABLE `Menus` ENABLE KEYS */;
UNLOCK TABLES;

--
-- Table structure for table `Orders`
--

DROP TABLE IF EXISTS `Orders`;
/*!40101 SET @saved_cs_client     = @@character_set_client */;
/*!40101 SET character_set_client = utf8 */;
CREATE TABLE `Orders` (
  `id` int(11) NOT NULL AUTO_INCREMENT,
  `vendeur_id` int(11) NOT NULL,
  `resto_id` int(11) NOT NULL,
  `date_heure` datetime DEFAULT NULL,
  `paiement` char(6) NOT NULL,
  `somme` double NOT NULL,
  PRIMARY KEY (`id`),
  KEY `Orders_fk1` (`resto_id`),
  CONSTRAINT `Orders_fk1` FOREIGN KEY (`resto_id`) REFERENCES `Restaurants` (`id`) ON DELETE CASCADE
) ENGINE=InnoDB AUTO_INCREMENT=1001 DEFAULT CHARSET=latin1;
/*!40101 SET character_set_client = @saved_cs_client */;

--
-- Dumping data for table `Orders`
--

LOCK TABLES `Orders` WRITE;
/*!40000 ALTER TABLE `Orders` DISABLE KEYS */;
INSERT INTO `Orders` VALUES (1,4,2,'2019-02-07 01:42:00','CB',24),(2,19,6,'2019-09-08 00:55:00','Espece',18),(3,100,1,'2019-09-02 19:38:00','Espece',24.5),(4,129,7,'2019-07-06 18:37:00','CB',12),(5,91,4,'2019-01-10 02:41:00','CB',19.5),(6,14,3,'2019-03-05 22:39:00','Espece',13),(7,24,3,'2019-04-04 09:41:00','CB',27.5),(8,115,2,'2019-05-09 19:49:00','CB',27),(9,69,7,'2019-04-08 21:48:00','Espece',20.5),(10,149,9,'2019-08-07 20:48:00','CB',26.5),(11,24,7,'2019-01-10 19:53:00','CB',9.5),(12,0,10,'2019-04-06 14:13:00','CB',11.5),(13,69,2,'2019-08-05 06:10:00','CB',13),(14,0,3,'2019-09-04 14:47:00','CB',2.5),(15,74,3,'2019-10-01 01:04:00','CB',5),(16,15,8,'2019-10-06 07:07:00','Espece',17.5),(17,4,11,'2019-01-02 11:15:00','Espece',8),(18,0,7,'2019-11-05 04:18:00','CB',20.5),(19,99,10,'2019-10-02 02:23:00','Espece',3),(20,134,4,'2019-12-11 19:34:00','Espece',28.5),(21,0,3,'2019-09-04 23:28:00','CB',20),(22,0,10,'2019-07-03 06:53:00','CB',33.5),(23,18,11,'2019-08-09 09:01:00','Espece',13),(24,18,4,'2019-05-09 01:10:00','CB',21.5),(25,0,2,'2019-11-04 16:10:00','CB',10.5),(26,74,1,'2019-05-11 14:49:00','Espece',10.5),(27,118,3,'2019-01-04 03:30:00','Espece',12.5),(28,0,10,'2019-09-01 20:13:00','CB',5.5),(29,0,12,'2019-04-06 10:09:00','CB',24),(30,149,9,'2019-08-12 20:46:00','CB',4.5),(31,0,11,'2019-02-10 02:08:00','CB',25),(32,0,5,'2019-10-08 14:59:00','CB',12.5),(33,4,8,'2019-11-03 09:27:00','Espece',9),(34,0,5,'2019-05-03 17:32:00','CB',19),(35,86,3,'2019-11-11 09:56:00','Espece',35),(36,125,3,'2019-03-05 12:11:00','Espece',16),(37,18,4,'2019-06-02 18:36:00','Espece',20.5),(38,145,11,'2019-08-02 14:13:00','Espece',19.5),(39,14,11,'2019-01-12 11:15:00','CB',10.5),(40,113,6,'2019-05-06 07:56:00','CB',18.5),(41,83,2,'2019-01-03 03:03:00','Espece',22.5),(42,69,2,'2019-01-04 09:22:00','Espece',13.5),(43,0,3,'2019-01-03 17:21:00','CB',14.5),(44,74,1,'2019-09-04 14:31:00','CB',13),(45,119,5,'2019-11-11 18:50:00','Espece',16.5),(46,82,4,'2019-04-04 15:34:00','CB',19),(47,0,5,'2019-03-02 14:28:00','CB',9.5),(48,118,2,'2019-11-04 00:09:00','CB',11.5),(49,89,10,'2019-02-05 12:51:00','Espece',21.5),(50,134,8,'2019-08-03 07:13:00','Espece',8),(51,66,1,'2019-11-06 21:38:00','Espece',20.5),(52,32,2,'2019-11-04 18:45:00','Espece',14),(53,87,11,'2019-07-09 19:06:00','CB',3),(54,119,1,'2019-01-02 01:32:00','Espece',11),(55,113,4,'2019-04-02 10:12:00','Espece',12),(56,85,2,'2019-03-10 23:53:00','CB',18),(57,18,9,'2019-05-04 11:04:00','CB',21.5),(58,19,2,'2019-08-02 20:52:00','CB',17),(59,149,5,'2019-07-11 05:42:00','CB',15),(60,0,5,'2019-09-11 05:28:00','CB',24),(61,28,5,'2019-04-06 00:28:00','CB',10),(62,0,7,'2019-02-06 19:18:00','CB',9.5),(63,0,3,'2019-09-01 08:54:00','CB',6.5),(64,48,1,'2019-12-02 07:25:00','CB',25.5),(65,100,10,'2019-03-03 03:20:00','Espece',20),(66,0,11,'2019-06-09 05:47:00','CB',17),(67,121,9,'2019-11-11 09:27:00','CB',15),(68,87,5,'2019-05-10 04:16:00','CB',4),(69,4,1,'2019-12-06 15:58:00','Espece',14),(70,1,12,'2019-12-05 11:39:00','Espece',17),(71,0,3,'2019-01-05 10:32:00','CB',8.5),(72,19,10,'2019-12-04 10:48:00','Espece',16.5),(73,0,5,'2019-10-04 03:02:00','CB',32),(74,77,2,'2019-04-04 08:09:00','CB',23),(75,0,5,'2019-01-05 05:25:00','CB',27.5),(76,36,5,'2019-09-06 17:58:00','Espece',27.5),(77,0,5,'2019-01-04 22:06:00','CB',16),(78,6,9,'2019-05-08 00:11:00','Espece',12),(79,82,11,'2019-12-07 22:41:00','Espece',9.5),(80,89,5,'2019-09-04 05:34:00','Espece',21.5),(81,139,8,'2019-06-04 04:49:00','CB',19),(82,48,2,'2019-03-02 17:18:00','CB',33.5),(83,134,6,'2019-03-05 19:32:00','CB',29),(84,0,11,'2019-02-09 12:40:00','CB',8),(85,87,7,'2019-08-07 17:28:00','CB',5.5),(86,149,6,'2019-08-11 18:57:00','CB',27),(87,131,7,'2019-06-01 09:49:00','CB',14),(88,113,11,'2019-01-08 15:36:00','Espece',22.5),(89,100,10,'2019-01-12 22:19:00','CB',5.5),(90,127,4,'2019-08-12 06:34:00','Espece',24.5),(91,121,12,'2019-06-07 12:16:00','CB',5),(92,0,7,'2019-11-09 22:04:00','CB',10.5),(93,57,1,'2019-03-02 03:38:00','CB',5),(94,86,2,'2019-06-10 16:24:00','Espece',20),(95,100,11,'2019-05-10 22:36:00','CB',9),(96,145,11,'2019-01-06 23:40:00','CB',17),(97,87,3,'2019-04-01 21:22:00','Espece',20),(98,129,4,'2019-01-09 06:55:00','Espece',34.5),(99,6,4,'2019-12-07 17:16:00','Espece',20),(100,82,5,'2019-05-05 07:59:00','CB',11),(101,0,10,'2019-10-10 21:43:00','CB',6.5),(102,28,11,'2019-01-07 23:04:00','CB',21),(103,69,8,'2019-10-05 10:05:00','CB',18.5),(104,82,5,'2019-04-10 01:48:00','CB',13),(105,106,1,'2019-02-08 02:29:00','CB',28),(106,0,7,'2019-11-03 22:07:00','CB',4),(107,0,3,'2019-10-08 03:29:00','CB',18),(108,37,11,'2019-06-08 16:09:00','CB',11),(109,0,5,'2019-03-07 21:55:00','CB',17),(110,139,4,'2019-11-07 00:51:00','CB',18.5),(111,37,11,'2019-07-01 12:16:00','Espece',15),(112,112,11,'2019-01-10 09:03:00','CB',13),(113,82,2,'2019-09-03 05:15:00','Espece',9),(114,21,9,'2019-04-10 04:01:00','CB',20),(115,0,3,'2019-09-01 13:12:00','CB',17),(116,0,11,'2019-12-07 06:37:00','CB',22.5),(117,0,12,'2019-04-12 10:47:00','CB',12),(118,0,12,'2019-02-07 10:56:00','CB',6.5),(119,72,10,'2019-07-01 12:09:00','CB',8.5),(120,2,5,'2019-10-07 16:44:00','CB',20.5),(121,74,5,'2019-07-07 12:09:00','Espece',29.5),(122,72,2,'2019-11-08 02:13:00','Espece',8.5),(123,0,12,'2019-09-09 07:49:00','CB',35.5),(124,51,9,'2019-11-02 17:28:00','CB',7.5),(125,0,2,'2019-01-03 21:16:00','CB',8),(126,0,10,'2019-06-11 22:01:00','CB',28.5),(127,94,1,'2019-09-09 06:37:00','Espece',9),(128,0,11,'2019-12-06 18:35:00','CB',2.5),(129,89,5,'2019-04-07 18:09:00','CB',8.5),(130,1,5,'2019-05-02 10:31:00','Espece',6),(131,66,3,'2019-01-02 12:36:00','Espece',15.5),(132,99,12,'2019-04-05 10:12:00','Espece',10.5),(133,77,3,'2019-02-09 01:35:00','Espece',3),(134,66,11,'2019-10-03 19:31:00','CB',28),(135,137,2,'2019-04-07 02:24:00','CB',14.5),(136,0,2,'2019-11-05 21:34:00','CB',20.5),(137,57,4,'2019-06-06 01:38:00','Espece',10.5),(138,45,4,'2019-09-09 17:24:00','CB',18),(139,21,9,'2019-01-12 03:38:00','Espece',7),(140,105,8,'2019-11-12 15:18:00','Espece',11),(141,0,12,'2019-10-11 15:11:00','CB',21),(142,100,11,'2019-06-02 09:22:00','CB',4),(143,36,3,'2019-10-08 18:44:00','CB',11.5),(144,128,8,'2019-05-10 04:45:00','CB',21.5),(145,0,7,'2019-06-07 10:03:00','CB',29),(146,144,2,'2019-07-05 14:43:00','Espece',11),(147,28,4,'2019-05-02 21:20:00','CB',20),(148,0,7,'2019-04-02 23:19:00','CB',22.5),(149,0,12,'2019-08-12 03:52:00','CB',6),(150,0,12,'2019-11-11 10:10:00','CB',15.5),(151,15,4,'2019-12-07 09:21:00','Espece',13.5),(152,139,1,'2019-07-01 23:34:00','CB',25),(153,0,12,'2019-11-01 18:39:00','CB',20),(154,98,10,'2019-01-09 14:00:00','Espece',37),(155,0,10,'2019-01-01 06:59:00','CB',2.5),(156,94,3,'2019-08-05 15:09:00','Espece',21),(157,1,1,'2019-06-10 14:38:00','Espece',12.5),(158,127,3,'2019-11-07 21:33:00','CB',9.5),(159,6,2,'2019-07-03 12:36:00','CB',6.5),(160,100,6,'2019-05-07 08:37:00','CB',13),(161,128,9,'2019-07-02 21:22:00','CB',5.5),(162,0,2,'2019-08-12 07:27:00','CB',30.5),(163,77,11,'2019-08-10 21:08:00','Espece',14.5),(164,0,3,'2019-08-04 10:43:00','CB',5.5),(165,148,11,'2019-07-12 05:18:00','Espece',7),(166,45,10,'2019-01-10 20:42:00','Espece',12),(167,0,10,'2019-01-11 09:50:00','CB',9),(168,2,11,'2019-04-01 15:53:00','CB',12),(169,129,5,'2019-12-04 18:23:00','CB',25),(170,0,11,'2019-09-08 00:51:00','CB',15.5),(171,0,3,'2019-05-04 11:30:00','CB',20),(172,138,12,'2019-12-08 20:42:00','CB',15),(173,94,11,'2019-04-11 06:03:00','CB',19),(174,55,2,'2019-05-06 00:43:00','CB',15.5),(175,57,8,'2019-12-06 12:33:00','CB',4),(176,66,3,'2019-07-09 13:44:00','CB',22.5),(177,0,2,'2019-02-11 16:01:00','CB',4),(178,77,3,'2019-06-03 05:47:00','Espece',9),(179,71,5,'2019-04-01 08:08:00','Espece',12),(180,138,12,'2019-01-04 21:37:00','CB',5.5),(181,6,12,'2019-10-11 11:18:00','CB',21.5),(182,45,9,'2019-04-01 22:49:00','CB',9),(183,0,3,'2019-05-02 05:30:00','CB',5),(184,134,3,'2019-05-03 18:15:00','Espece',14),(185,149,1,'2019-07-01 21:11:00','CB',18.5),(186,0,10,'2019-02-04 16:51:00','CB',19),(187,128,6,'2019-09-06 09:09:00','CB',26.5),(188,86,11,'2019-09-10 00:21:00','Espece',20),(189,0,2,'2019-04-02 10:17:00','CB',3),(190,125,11,'2019-04-05 01:37:00','CB',22),(191,21,9,'2019-04-02 08:10:00','Espece',22),(192,0,5,'2019-03-09 05:54:00','CB',9),(193,55,5,'2019-01-10 21:36:00','CB',18.5),(194,138,2,'2019-04-05 16:36:00','Espece',5.5),(195,149,1,'2019-09-06 22:17:00','Espece',2.5),(196,0,12,'2019-05-11 21:51:00','CB',7.5),(197,0,12,'2019-05-04 11:45:00','CB',9.5),(198,86,9,'2019-02-03 20:07:00','Espece',16),(199,2,4,'2019-01-03 12:40:00','CB',9),(200,149,2,'2019-11-02 09:51:00','CB',20),(201,0,3,'2019-01-03 16:36:00','CB',12.5),(202,119,4,'2019-01-03 17:27:00','Espece',31.5),(203,132,6,'2019-01-12 00:08:00','CB',5),(204,0,12,'2019-07-01 23:34:00','CB',17),(205,99,8,'2019-03-02 13:54:00','Espece',27),(206,0,5,'2019-07-10 05:20:00','CB',21),(207,91,10,'2019-02-01 13:16:00','CB',20.5),(208,98,3,'2019-05-03 00:11:00','CB',19.5),(209,2,9,'2019-04-07 16:43:00','Espece',10),(210,28,1,'2019-04-11 14:13:00','Espece',19.5),(211,18,10,'2019-01-11 08:47:00','CB',2.5),(212,0,5,'2019-11-04 11:50:00','CB',14),(213,138,12,'2019-07-09 02:25:00','Espece',4),(214,109,10,'2019-10-09 11:25:00','Espece',16),(215,15,5,'2019-12-02 20:09:00','Espece',22),(216,71,7,'2019-04-10 15:26:00','Espece',19.5),(217,72,6,'2019-08-04 18:09:00','Espece',9),(218,149,8,'2019-11-11 02:52:00','CB',17.5),(219,127,5,'2019-11-12 13:21:00','Espece',18),(220,6,2,'2019-01-11 08:12:00','CB',24),(221,71,4,'2019-05-10 19:03:00','CB',9),(222,138,3,'2019-07-03 23:37:00','Espece',18),(223,119,3,'2019-03-07 13:34:00','CB',23),(224,0,12,'2019-12-01 22:10:00','CB',16),(225,108,5,'2019-02-11 16:33:00','CB',9),(226,14,2,'2019-12-11 05:12:00','CB',24.5),(227,57,4,'2019-06-02 19:27:00','CB',18),(228,45,5,'2019-12-10 02:10:00','Espece',29.5),(229,53,2,'2019-10-01 16:06:00','CB',33),(230,74,6,'2019-11-09 23:27:00','Espece',23),(231,0,11,'2019-06-10 14:35:00','CB',13),(232,149,12,'2019-05-06 12:26:00','Espece',7),(233,99,10,'2019-03-09 22:53:00','CB',4),(234,112,3,'2019-01-05 17:53:00','CB',15.5),(235,21,4,'2019-11-02 14:57:00','CB',9.5),(236,0,11,'2019-11-03 23:30:00','CB',27.5),(237,2,2,'2019-03-10 00:39:00','Espece',18.5),(238,82,8,'2019-06-10 09:29:00','CB',8),(239,21,10,'2019-09-05 05:45:00','Espece',8),(240,0,2,'2019-07-03 02:35:00','CB',20),(241,118,8,'2019-06-03 17:41:00','Espece',25.5),(242,86,3,'2019-12-11 04:58:00','Espece',1.5),(243,105,7,'2019-11-01 11:18:00','CB',3),(244,0,10,'2019-08-08 03:07:00','CB',9.5),(245,0,11,'2019-09-07 22:58:00','CB',21.5),(246,57,3,'2019-08-10 19:09:00','CB',4),(247,51,9,'2019-10-05 18:14:00','CB',18.5),(248,87,9,'2019-02-01 06:23:00','Espece',6.5),(249,144,10,'2019-09-07 02:06:00','CB',16),(250,115,12,'2019-12-10 23:33:00','Espece',21.5),(251,148,9,'2019-01-11 21:53:00','CB',29),(252,119,6,'2019-09-12 15:18:00','Espece',17.5),(253,0,2,'2019-01-04 06:01:00','CB',14.5),(254,1,7,'2019-02-11 08:42:00','Espece',14.5),(255,0,10,'2019-02-02 09:30:00','CB',7),(256,0,12,'2019-12-04 12:07:00','CB',22.5),(257,43,9,'2019-06-04 06:39:00','CB',16),(258,0,11,'2019-01-02 22:45:00','CB',21),(259,149,12,'2019-04-03 19:00:00','Espece',10),(260,0,10,'2019-11-07 12:44:00','CB',16),(261,0,7,'2019-06-12 03:28:00','CB',10),(262,0,5,'2019-02-02 09:19:00','CB',10),(263,106,12,'2019-03-03 13:18:00','CB',12),(264,0,7,'2019-08-01 00:41:00','CB',33.5),(265,15,1,'2019-06-06 12:57:00','CB',21.5),(266,98,9,'2019-07-05 17:05:00','CB',26.5),(267,86,10,'2019-07-06 15:33:00','CB',12.5),(268,0,12,'2019-04-10 03:08:00','CB',18),(269,0,12,'2019-08-09 19:53:00','CB',21.5),(270,66,12,'2019-07-03 23:33:00','CB',16.5),(271,138,1,'2019-09-03 04:20:00','CB',4),(272,89,2,'2019-01-08 22:58:00','Espece',25),(273,74,11,'2019-02-06 04:22:00','CB',15),(274,129,9,'2019-05-10 18:03:00','Espece',17.5),(275,106,8,'2019-01-05 15:25:00','Espece',18.5),(276,28,1,'2019-05-02 20:14:00','Espece',25.5),(277,4,6,'2019-04-06 23:59:00','Espece',18.5),(278,137,9,'2019-05-08 04:03:00','CB',31.5),(279,0,11,'2019-12-06 13:10:00','CB',8.5),(280,89,5,'2019-09-01 01:10:00','CB',27),(281,53,1,'2019-01-09 20:58:00','CB',18.5),(282,0,3,'2019-10-09 15:44:00','CB',15),(283,18,9,'2019-09-05 01:55:00','CB',15.5),(284,0,5,'2019-01-09 01:45:00','CB',13.5),(285,94,9,'2019-11-02 01:04:00','Espece',23.5),(286,57,1,'2019-05-10 05:36:00','Espece',14),(287,85,2,'2019-09-07 05:57:00','Espece',32.5),(288,19,5,'2019-07-10 06:01:00','Espece',14),(289,113,4,'2019-02-08 09:24:00','Espece',13.5),(290,14,6,'2019-07-01 11:37:00','CB',17.5),(291,28,3,'2019-07-06 21:59:00','CB',30),(292,118,6,'2019-09-02 08:56:00','CB',13.5),(293,32,3,'2019-11-03 06:14:00','Espece',20.5),(294,137,3,'2019-11-10 04:54:00','CB',13.5),(295,24,2,'2019-06-11 02:42:00','Espece',26.5),(296,149,7,'2019-03-11 20:24:00','Espece',22.5),(297,45,9,'2019-01-09 22:19:00','CB',8.5),(298,0,12,'2019-06-06 18:51:00','CB',25),(299,0,5,'2019-10-03 18:51:00','CB',18),(300,21,3,'2019-06-05 13:11:00','CB',7.5),(301,86,2,'2019-12-06 02:44:00','Espece',1.5),(302,83,6,'2019-11-07 18:24:00','Espece',12),(303,105,3,'2019-04-05 23:37:00','Espece',15),(304,126,2,'2019-03-02 20:50:00','Espece',20),(305,0,7,'2019-10-12 04:34:00','CB',11),(306,15,10,'2019-10-05 13:52:00','CB',29),(307,115,9,'2019-03-07 18:17:00','Espece',14),(308,45,3,'2019-09-06 20:44:00','Espece',9),(309,4,3,'2019-02-06 06:08:00','Espece',9.5),(310,134,9,'2019-10-03 04:09:00','CB',19.5),(311,0,5,'2019-10-04 02:09:00','CB',29),(312,85,10,'2019-09-06 22:40:00','Espece',1.5),(313,14,12,'2019-07-05 02:29:00','Espece',12),(314,57,10,'2019-09-06 09:53:00','CB',23.5),(315,56,12,'2019-11-08 16:09:00','Espece',21.5),(316,28,1,'2019-11-06 10:51:00','CB',13),(317,94,6,'2019-10-10 15:59:00','Espece',20.5),(318,126,1,'2019-12-05 09:22:00','Espece',26.5),(319,0,12,'2019-06-02 07:28:00','CB',3),(320,6,4,'2019-10-04 22:58:00','Espece',13),(321,53,4,'2019-02-12 07:41:00','Espece',4),(322,71,6,'2019-12-01 06:05:00','CB',9),(323,15,10,'2019-11-05 01:18:00','Espece',15),(324,106,3,'2019-11-06 09:02:00','CB',19.5),(325,131,4,'2019-02-10 08:48:00','CB',23),(326,66,9,'2019-01-11 03:20:00','CB',23),(327,115,4,'2019-05-02 09:34:00','Espece',18.5),(328,37,2,'2019-03-05 00:47:00','CB',28.5),(329,0,11,'2019-10-03 15:44:00','CB',22.5),(330,108,8,'2019-11-05 20:32:00','CB',2.5),(331,127,9,'2019-02-06 00:27:00','Espece',30.5),(332,6,3,'2019-05-06 22:00:00','Espece',9.5),(333,0,11,'2019-07-04 11:52:00','CB',15),(334,119,6,'2019-09-05 15:52:00','CB',22),(335,0,10,'2019-02-02 10:38:00','CB',14.5),(336,51,11,'2019-12-09 07:11:00','Espece',12),(337,89,3,'2019-08-03 06:44:00','Espece',19.5),(338,51,9,'2019-11-08 07:22:00','Espece',18.5),(339,77,5,'2019-12-10 09:00:00','CB',28.5),(340,113,9,'2019-06-11 02:50:00','Espece',13.5),(341,19,1,'2019-02-04 23:06:00','CB',23),(342,0,12,'2019-03-09 00:50:00','CB',7),(343,0,11,'2019-03-10 15:03:00','CB',4),(344,0,2,'2019-07-10 10:04:00','CB',6.5),(345,145,2,'2019-06-08 17:10:00','CB',16.5),(346,0,5,'2019-05-06 05:33:00','CB',8),(347,148,11,'2019-01-11 00:40:00','CB',11),(348,19,5,'2019-11-09 00:10:00','CB',18.5),(349,0,11,'2019-07-05 22:03:00','CB',11.5),(350,85,4,'2019-04-09 14:20:00','CB',3),(351,129,4,'2019-11-05 11:05:00','Espece',17),(352,82,4,'2019-10-04 17:56:00','CB',5),(353,51,1,'2019-06-12 07:21:00','CB',16.5),(354,128,1,'2019-09-01 02:11:00','Espece',9.5),(355,129,9,'2019-10-01 04:39:00','CB',9.5),(356,74,5,'2019-03-11 08:26:00','Espece',9),(357,89,3,'2019-03-03 13:13:00','CB',17),(358,1,8,'2019-06-08 21:38:00','Espece',27.5),(359,0,12,'2019-11-12 06:27:00','CB',24.5),(360,85,6,'2019-06-01 09:43:00','CB',21.5),(361,115,1,'2019-12-10 02:56:00','Espece',30),(362,98,11,'2019-11-02 08:54:00','Espece',19.5),(363,0,12,'2019-10-10 07:56:00','CB',1.5),(364,138,8,'2019-06-10 15:14:00','CB',17),(365,137,11,'2019-11-05 01:26:00','CB',3),(366,129,1,'2019-07-03 09:37:00','CB',7.5),(367,0,10,'2019-07-10 21:58:00','CB',5),(368,55,2,'2019-11-05 00:57:00','Espece',11.5),(369,6,2,'2019-04-12 04:47:00','Espece',16.5),(370,0,3,'2019-02-04 04:47:00','CB',3),(371,0,5,'2019-06-12 12:40:00','CB',8),(372,138,6,'2019-09-04 07:02:00','CB',12.5),(373,55,9,'2019-07-08 09:20:00','Espece',25),(374,51,2,'2019-02-10 05:59:00','CB',1.5),(375,21,7,'2019-03-04 17:26:00','CB',17.5),(376,37,8,'2019-03-01 21:28:00','Espece',4.5),(377,53,5,'2019-10-01 08:32:00','Espece',15),(378,0,12,'2019-01-12 03:40:00','CB',31.5),(379,55,5,'2019-02-10 09:51:00','Espece',3),(380,43,5,'2019-01-08 13:37:00','CB',4),(381,32,8,'2019-08-06 08:32:00','CB',8.5),(382,149,7,'2019-10-12 13:19:00','Espece',7),(383,37,1,'2019-11-06 07:04:00','CB',23.5),(384,43,8,'2019-05-09 13:46:00','Espece',12),(385,91,3,'2019-04-02 11:50:00','CB',7),(386,69,11,'2019-08-06 07:03:00','Espece',3),(387,18,1,'2019-01-12 16:37:00','CB',26.5),(388,19,3,'2019-03-01 22:00:00','Espece',26),(389,74,12,'2019-02-03 21:39:00','Espece',26),(390,24,3,'2019-09-12 23:52:00','Espece',30),(391,77,11,'2019-03-07 12:49:00','CB',13),(392,6,9,'2019-09-03 13:50:00','CB',23),(393,115,9,'2019-03-11 18:11:00','Espece',10.5),(394,0,12,'2019-05-10 09:47:00','CB',31),(395,0,3,'2019-11-02 14:25:00','CB',22.5),(396,148,7,'2019-04-08 08:59:00','Espece',26.5),(397,51,5,'2019-06-03 01:33:00','CB',9),(398,109,4,'2019-10-01 03:58:00','Espece',21),(399,0,11,'2019-09-03 00:56:00','CB',28),(400,45,1,'2019-07-04 04:44:00','Espece',29.5),(401,149,10,'2019-09-04 17:53:00','CB',15.5),(402,24,7,'2019-03-03 03:22:00','Espece',6.5),(403,0,12,'2019-10-05 13:00:00','CB',4),(404,87,4,'2019-05-03 16:39:00','Espece',16.5),(405,36,7,'2019-05-01 08:02:00','Espece',18.5),(406,77,2,'2019-08-03 11:27:00','Espece',12),(407,21,2,'2019-04-11 21:53:00','Espece',22.5),(408,127,6,'2019-07-02 00:20:00','Espece',5.5),(409,108,5,'2019-07-01 12:58:00','Espece',12),(410,28,8,'2019-07-08 17:48:00','Espece',11.5),(411,0,2,'2019-01-06 15:42:00','CB',30.5),(412,4,7,'2019-04-03 02:02:00','CB',11.5),(413,0,10,'2019-07-05 15:51:00','CB',6.5),(414,139,11,'2019-10-05 14:34:00','CB',16.5),(415,4,11,'2019-08-09 12:32:00','CB',4),(416,91,11,'2019-08-05 12:41:00','CB',7.5),(417,91,9,'2019-11-07 23:06:00','Espece',9.5),(418,89,5,'2019-12-07 22:23:00','Espece',16.5),(419,0,11,'2019-06-03 08:11:00','CB',22.5),(420,89,10,'2019-08-11 01:21:00','CB',25.5),(421,0,3,'2019-02-08 16:02:00','CB',8.5),(422,0,5,'2019-05-08 20:26:00','CB',16),(423,134,10,'2019-08-10 05:59:00','Espece',30.5),(424,51,12,'2019-07-05 23:54:00','Espece',9.5),(425,89,4,'2019-09-09 17:01:00','CB',28),(426,125,4,'2019-07-07 05:09:00','CB',21.5),(427,0,5,'2019-09-08 20:49:00','CB',9),(428,21,7,'2019-06-12 08:18:00','Espece',14),(429,74,6,'2019-12-04 06:49:00','Espece',23.5),(430,0,12,'2019-04-05 15:13:00','CB',9),(431,0,10,'2019-08-12 12:23:00','CB',30.5),(432,119,10,'2019-04-10 10:22:00','CB',19),(433,74,6,'2019-03-05 13:47:00','CB',1.5),(434,0,11,'2019-12-01 13:10:00','CB',29.5),(435,0,2,'2019-12-09 02:04:00','CB',36),(436,128,4,'2019-06-11 23:04:00','CB',32.5),(437,0,11,'2019-01-01 14:03:00','CB',16.5),(438,77,2,'2019-12-04 23:41:00','CB',5),(439,0,2,'2019-06-06 11:07:00','CB',12.5),(440,85,12,'2019-04-08 13:26:00','CB',14.5),(441,0,7,'2019-03-03 03:23:00','CB',20.5),(442,132,7,'2019-09-03 01:14:00','Espece',11),(443,4,3,'2019-09-07 23:25:00','CB',17.5),(444,145,11,'2019-08-04 13:32:00','Espece',3),(445,87,12,'2019-02-02 12:15:00','CB',20.5),(446,36,8,'2019-10-03 03:11:00','CB',29.5),(447,113,11,'2019-05-05 10:15:00','CB',3),(448,0,2,'2019-06-12 16:53:00','CB',5.5),(449,37,2,'2019-04-08 12:05:00','Espece',13),(450,28,11,'2019-11-01 01:41:00','Espece',8),(451,15,4,'2019-06-07 03:44:00','CB',16),(452,139,1,'2019-07-11 02:04:00','CB',21),(453,21,8,'2019-03-11 12:49:00','Espece',5.5),(454,87,1,'2019-06-09 18:03:00','CB',33),(455,14,5,'2019-11-07 17:54:00','CB',8.5),(456,0,3,'2019-01-11 13:03:00','CB',4),(457,6,4,'2019-01-02 03:48:00','CB',19),(458,113,1,'2019-12-08 09:47:00','CB',34.5),(459,0,10,'2019-06-03 23:39:00','CB',14.5),(460,72,9,'2019-09-12 22:03:00','Espece',14),(461,0,2,'2019-12-11 10:47:00','CB',22.5),(462,55,2,'2019-03-10 23:47:00','Espece',12),(463,53,1,'2019-12-04 08:32:00','CB',2.5),(464,15,11,'2019-10-09 09:00:00','Espece',5.5),(465,149,12,'2019-08-02 14:12:00','Espece',16.5),(466,0,3,'2019-12-06 20:43:00','CB',20.5),(467,0,7,'2019-12-12 00:44:00','CB',1.5),(468,127,3,'2019-12-04 11:26:00','Espece',14),(469,48,6,'2019-12-10 08:28:00','CB',13),(470,129,4,'2019-12-01 06:49:00','Espece',12.5),(471,72,5,'2019-02-05 23:34:00','Espece',6.5),(472,18,7,'2019-05-11 11:06:00','CB',8),(473,43,3,'2019-07-03 04:41:00','Espece',30.5),(474,112,4,'2019-05-03 20:58:00','Espece',12.5),(475,0,3,'2019-01-10 00:16:00','CB',24),(476,83,6,'2019-06-03 13:44:00','CB',1.5),(477,99,8,'2019-06-09 17:37:00','CB',25),(478,106,2,'2019-10-04 19:46:00','CB',20.5),(479,53,4,'2019-10-10 20:29:00','Espece',9),(480,37,8,'2019-11-06 04:10:00','CB',28),(481,69,8,'2019-09-05 09:42:00','Espece',9.5),(482,0,11,'2019-02-01 21:24:00','CB',17),(483,0,3,'2019-09-03 15:23:00','CB',26.5),(484,28,11,'2019-03-12 19:42:00','Espece',4),(485,1,5,'2019-12-05 07:14:00','CB',19.5),(486,139,3,'2019-01-10 19:25:00','Espece',11.5),(487,100,12,'2019-05-01 05:27:00','CB',11),(488,134,1,'2019-05-04 18:25:00','CB',4),(489,0,7,'2019-06-05 22:11:00','CB',4),(490,69,12,'2019-07-06 09:52:00','Espece',21),(491,72,2,'2019-12-01 05:47:00','CB',25.5),(492,105,3,'2019-09-12 12:59:00','Espece',8.5),(493,71,1,'2019-07-10 08:30:00','Espece',22),(494,131,3,'2019-08-09 10:51:00','Espece',19),(495,74,8,'2019-07-01 12:25:00','Espece',3),(496,55,9,'2019-11-01 16:45:00','Espece',13.5),(497,115,10,'2019-08-02 14:40:00','CB',17.5),(498,69,10,'2019-10-02 12:22:00','CB',9.5),(499,24,12,'2019-09-11 06:26:00','CB',14),(500,113,9,'2019-12-11 14:19:00','Espece',34),(501,0,11,'2019-08-04 21:34:00','CB',13.5),(502,94,9,'2019-10-02 07:33:00','Espece',5.5),(503,0,2,'2019-07-03 14:24:00','CB',2.5),(504,0,12,'2019-06-02 00:05:00','CB',6),(505,119,6,'2019-08-12 18:35:00','CB',14.5),(506,121,5,'2019-05-04 09:14:00','Espece',10),(507,57,3,'2019-04-12 09:18:00','Espece',14),(508,132,2,'2019-01-06 01:51:00','Espece',9),(509,94,5,'2019-04-09 00:23:00','Espece',27),(510,0,3,'2019-05-07 13:01:00','CB',24.5),(511,15,9,'2019-07-02 11:09:00','Espece',23.5),(512,145,5,'2019-11-07 16:00:00','Espece',18),(513,0,2,'2019-02-04 17:21:00','CB',5.5),(514,118,1,'2019-06-01 23:20:00','CB',14),(515,87,1,'2019-09-03 20:59:00','CB',6.5),(516,51,11,'2019-08-09 17:09:00','Espece',15),(517,0,5,'2019-10-06 08:10:00','CB',2.5),(518,0,2,'2019-03-11 23:26:00','CB',26),(519,0,10,'2019-11-09 05:31:00','CB',9),(520,0,11,'2019-05-09 23:56:00','CB',27),(521,48,11,'2019-04-02 15:23:00','Espece',5.5),(522,132,2,'2019-01-12 01:40:00','CB',9),(523,118,8,'2019-03-01 17:48:00','Espece',11.5),(524,55,4,'2019-02-03 14:58:00','Espece',30.5),(525,6,3,'2019-06-05 00:41:00','CB',7.5),(526,137,7,'2019-09-02 03:21:00','CB',9.5),(527,0,3,'2019-08-05 21:02:00','CB',8.5),(528,100,1,'2019-10-04 03:12:00','CB',22),(529,32,9,'2019-08-10 05:49:00','Espece',6.5),(530,0,2,'2019-03-10 08:12:00','CB',18),(531,18,9,'2019-05-01 18:01:00','CB',23),(532,82,3,'2019-09-12 01:15:00','CB',4),(533,113,7,'2019-12-05 00:27:00','Espece',11.5),(534,105,4,'2019-11-11 17:47:00','Espece',23.5),(535,48,11,'2019-11-02 16:55:00','Espece',21),(536,14,4,'2019-09-05 23:51:00','CB',13),(537,4,8,'2019-08-01 07:01:00','CB',6.5),(538,113,8,'2019-09-03 00:23:00','CB',25),(539,0,2,'2019-06-08 05:37:00','CB',15),(540,72,7,'2019-09-01 21:23:00','CB',26),(541,0,12,'2019-07-07 12:25:00','CB',2.5),(542,0,7,'2019-10-12 13:45:00','CB',25.5),(543,0,5,'2019-11-09 12:18:00','CB',3),(544,0,2,'2019-11-01 04:34:00','CB',19),(545,0,11,'2019-01-06 05:20:00','CB',11),(546,0,3,'2019-09-03 09:22:00','CB',19.5),(547,115,6,'2019-04-08 16:11:00','Espece',11.5),(548,77,9,'2019-04-05 19:51:00','CB',16.5),(549,66,7,'2019-10-10 00:28:00','CB',36),(550,98,1,'2019-05-12 04:00:00','Espece',21.5),(551,21,8,'2019-12-10 22:57:00','CB',21),(552,89,9,'2019-06-10 07:30:00','CB',25.5),(553,71,4,'2019-06-03 00:01:00','CB',16),(554,99,5,'2019-09-11 14:17:00','CB',16.5),(555,28,9,'2019-10-05 12:51:00','CB',28.5),(556,66,4,'2019-06-11 01:16:00','CB',21.5),(557,0,7,'2019-04-01 02:59:00','CB',23.5),(558,0,3,'2019-02-12 13:12:00','CB',23.5),(559,118,8,'2019-11-06 12:44:00','Espece',15.5),(560,144,5,'2019-07-05 22:26:00','CB',13.5),(561,139,8,'2019-12-02 08:34:00','Espece',26.5),(562,1,10,'2019-12-09 12:19:00','CB',8.5),(563,56,8,'2019-06-02 13:09:00','Espece',16),(564,0,11,'2019-05-10 14:02:00','CB',3),(565,0,5,'2019-06-07 20:10:00','CB',27),(566,24,2,'2019-02-03 03:31:00','Espece',2.5),(567,0,7,'2019-07-03 03:28:00','CB',32.5),(568,0,5,'2019-06-04 05:24:00','CB',4),(569,89,11,'2019-07-12 00:17:00','Espece',19),(570,87,11,'2019-01-04 16:31:00','Espece',9),(571,0,2,'2019-02-03 03:53:00','CB',1.5),(572,36,10,'2019-12-10 22:26:00','CB',25.5),(573,0,5,'2019-09-11 11:13:00','CB',1.5),(574,0,7,'2019-09-07 03:15:00','CB',25),(575,132,5,'2019-02-06 12:58:00','CB',20),(576,36,3,'2019-08-11 22:59:00','Espece',14.5),(577,15,5,'2019-09-08 08:09:00','Espece',18),(578,0,11,'2019-01-08 13:26:00','CB',11.5),(579,105,5,'2019-01-02 20:47:00','Espece',18.5),(580,36,7,'2019-10-06 02:32:00','CB',19),(581,148,12,'2019-12-08 23:36:00','CB',19),(582,43,6,'2019-11-07 17:47:00','CB',22.5),(583,6,12,'2019-10-10 15:10:00','CB',1.5),(584,18,8,'2019-02-09 02:20:00','CB',6),(585,53,5,'2019-07-09 05:10:00','CB',3),(586,132,3,'2019-08-07 15:38:00','CB',5.5),(587,121,10,'2019-10-12 21:40:00','CB',2.5),(588,0,5,'2019-04-11 19:31:00','CB',4.5),(589,74,4,'2019-01-07 06:45:00','Espece',6.5),(590,53,11,'2019-01-02 09:29:00','CB',6),(591,0,3,'2019-08-04 16:38:00','CB',30),(592,134,7,'2019-11-01 02:16:00','CB',18),(593,139,10,'2019-07-02 13:49:00','CB',10),(594,137,4,'2019-11-05 18:43:00','Espece',15),(595,14,5,'2019-09-07 05:43:00','Espece',11.5),(596,145,12,'2019-06-05 14:01:00','Espece',5),(597,0,10,'2019-12-09 13:01:00','CB',16.5),(598,0,10,'2019-09-04 21:58:00','CB',18),(599,125,1,'2019-08-03 16:22:00','CB',27.5),(600,0,10,'2019-10-06 11:22:00','CB',17),(601,113,5,'2019-08-01 01:16:00','Espece',26.5),(602,138,4,'2019-06-10 22:05:00','Espece',29.5),(603,87,4,'2019-02-08 20:24:00','CB',17),(604,89,7,'2019-03-12 02:37:00','Espece',20.5),(605,48,4,'2019-08-04 08:01:00','CB',16),(606,98,2,'2019-03-04 04:24:00','CB',13.5),(607,71,8,'2019-09-05 00:15:00','CB',25.5),(608,0,12,'2019-12-12 00:16:00','CB',24.5),(609,0,5,'2019-12-02 07:24:00','CB',11.5),(610,1,2,'2019-01-12 00:48:00','Espece',30),(611,0,10,'2019-09-07 22:15:00','CB',26.5),(612,0,7,'2019-02-02 14:55:00','CB',7),(613,2,1,'2019-05-11 01:18:00','CB',26),(614,108,2,'2019-11-11 08:17:00','CB',12),(615,55,12,'2019-01-03 11:57:00','Espece',2.5),(616,0,2,'2019-01-02 10:59:00','CB',21.5),(617,132,5,'2019-03-12 06:54:00','CB',15),(618,18,1,'2019-11-08 20:32:00','Espece',9.5),(619,148,12,'2019-04-09 16:18:00','CB',11),(620,51,10,'2019-01-05 09:16:00','Espece',28.5),(621,121,12,'2019-09-01 00:54:00','CB',7.5),(622,55,11,'2019-01-04 16:48:00','CB',12),(623,0,10,'2019-09-01 20:48:00','CB',29),(624,0,2,'2019-10-03 19:51:00','CB',28.5),(625,71,9,'2019-02-07 09:57:00','CB',12),(626,145,9,'2019-08-12 18:39:00','Espece',28.5),(627,128,12,'2019-09-02 13:50:00','Espece',3),(628,43,1,'2019-04-05 03:28:00','CB',12.5),(629,148,7,'2019-04-03 19:30:00','CB',5.5),(630,91,6,'2019-06-06 19:15:00','Espece',8.5),(631,108,1,'2019-01-09 12:26:00','Espece',19),(632,129,11,'2019-08-10 23:52:00','CB',10.5),(633,144,4,'2019-01-08 04:40:00','CB',19),(634,0,7,'2019-05-10 06:06:00','CB',8.5),(635,148,10,'2019-02-10 05:01:00','Espece',9),(636,145,2,'2019-07-03 16:32:00','CB',18),(637,0,7,'2019-07-04 09:09:00','CB',21),(638,132,1,'2019-08-03 04:13:00','Espece',26),(639,134,5,'2019-12-11 06:04:00','Espece',1.5),(640,94,9,'2019-05-03 07:36:00','Espece',35),(641,0,11,'2019-10-10 02:41:00','CB',15.5),(642,144,5,'2019-11-08 05:58:00','Espece',2.5),(643,0,5,'2019-04-09 03:40:00','CB',37),(644,149,3,'2019-09-08 09:53:00','CB',24.5),(645,89,9,'2019-03-03 17:19:00','CB',11),(646,139,8,'2019-07-06 01:48:00','Espece',17.5),(647,0,12,'2019-10-10 13:17:00','CB',26.5),(648,112,6,'2019-01-07 18:56:00','CB',20),(649,51,8,'2019-03-12 13:45:00','CB',3),(650,2,11,'2019-11-09 11:11:00','Espece',30.5),(651,113,7,'2019-02-07 20:49:00','Espece',26.5),(652,105,9,'2019-07-08 02:34:00','Espece',16.5),(653,0,5,'2019-10-10 22:24:00','CB',10),(654,43,8,'2019-09-11 04:03:00','CB',23),(655,45,11,'2019-06-09 06:38:00','CB',8),(656,108,4,'2019-04-02 21:08:00','CB',16),(657,0,12,'2019-03-06 03:21:00','CB',4),(658,0,11,'2019-04-07 23:13:00','CB',11.5),(659,32,2,'2019-04-05 14:56:00','CB',34.5),(660,0,2,'2019-11-12 10:25:00','CB',9),(661,53,5,'2019-11-01 01:05:00','Espece',15.5),(662,127,12,'2019-07-10 20:20:00','Espece',17),(663,145,5,'2019-04-06 10:54:00','CB',27.5),(664,129,10,'2019-05-08 04:25:00','CB',15.5),(665,43,9,'2019-08-12 14:10:00','CB',17.5),(666,4,7,'2019-03-10 01:14:00','CB',4),(667,14,5,'2019-01-03 23:18:00','CB',4),(668,0,12,'2019-06-03 20:21:00','CB',21.5),(669,0,5,'2019-04-04 03:37:00','CB',22.5),(670,0,3,'2019-07-09 17:50:00','CB',16.5),(671,0,11,'2019-06-01 00:04:00','CB',23.5),(672,119,2,'2019-10-08 02:26:00','Espece',18.5),(673,131,2,'2019-08-04 03:22:00','CB',5),(674,0,7,'2019-03-04 21:09:00','CB',25),(675,98,2,'2019-07-11 16:28:00','Espece',25),(676,99,11,'2019-08-01 07:57:00','Espece',21),(677,0,2,'2019-03-01 03:48:00','CB',6),(678,108,8,'2019-03-11 20:50:00','Espece',33.5),(679,55,8,'2019-12-03 03:57:00','Espece',14.5),(680,28,3,'2019-09-04 05:20:00','CB',32.5),(681,0,2,'2019-08-12 08:58:00','CB',13),(682,125,2,'2019-10-05 19:04:00','CB',7.5),(683,45,5,'2019-07-07 03:55:00','Espece',24.5),(684,0,7,'2019-03-04 15:09:00','CB',11.5),(685,28,4,'2019-06-07 19:05:00','CB',16),(686,1,6,'2019-03-04 19:37:00','Espece',15),(687,134,5,'2019-07-09 02:39:00','Espece',25.5),(688,0,7,'2019-02-06 23:44:00','CB',20.5),(689,112,1,'2019-01-12 18:33:00','CB',27.5),(690,0,7,'2019-02-03 14:51:00','CB',3),(691,2,7,'2019-01-11 21:49:00','CB',16),(692,125,10,'2019-03-06 18:02:00','CB',11.5),(693,77,12,'2019-10-04 05:18:00','Espece',7.5),(694,0,11,'2019-05-11 17:02:00','CB',8),(695,0,11,'2019-03-03 21:48:00','CB',3),(696,131,3,'2019-04-06 03:41:00','CB',31),(697,82,12,'2019-03-05 11:44:00','Espece',4.5),(698,144,5,'2019-09-10 17:57:00','Espece',5),(699,91,1,'2019-05-01 13:46:00','Espece',13),(700,43,12,'2019-04-07 20:33:00','Espece',11.5),(701,71,1,'2019-03-05 12:10:00','Espece',14),(702,0,10,'2019-09-02 08:01:00','CB',26),(703,105,2,'2019-07-05 23:05:00','Espece',19.5),(704,0,12,'2019-01-06 15:37:00','CB',14.5),(705,0,11,'2019-09-05 14:22:00','CB',5.5),(706,77,3,'2019-09-09 11:15:00','Espece',5),(707,37,12,'2019-09-01 04:34:00','Espece',22),(708,83,1,'2019-03-08 21:37:00','Espece',27),(709,0,11,'2019-06-05 22:54:00','CB',17.5),(710,0,7,'2019-06-10 13:24:00','CB',29),(711,15,8,'2019-05-09 12:49:00','CB',15.5),(712,1,6,'2019-05-03 15:02:00','Espece',14.5),(713,89,7,'2019-11-05 04:05:00','CB',9.5),(714,0,2,'2019-08-07 16:57:00','CB',19.5),(715,32,5,'2019-04-09 23:38:00','CB',12),(716,0,2,'2019-03-08 18:33:00','CB',5),(717,0,12,'2019-12-01 22:27:00','CB',23.5),(718,2,7,'2019-07-10 20:28:00','CB',9.5),(719,72,3,'2019-09-02 19:34:00','CB',9),(720,14,10,'2019-12-12 13:54:00','CB',1.5),(721,32,5,'2019-05-05 09:02:00','CB',23.5),(722,0,2,'2019-08-12 11:27:00','CB',1.5),(723,77,10,'2019-11-05 07:22:00','Espece',6),(724,21,9,'2019-09-11 17:55:00','Espece',12),(725,0,10,'2019-06-07 21:48:00','CB',24.5),(726,108,1,'2019-03-09 17:55:00','CB',30.5),(727,0,7,'2019-04-10 10:57:00','CB',4),(728,89,7,'2019-07-05 10:23:00','CB',23),(729,129,4,'2019-01-08 09:56:00','CB',8),(730,28,9,'2019-09-11 20:03:00','CB',7),(731,36,10,'2019-02-02 09:46:00','Espece',20),(732,57,9,'2019-10-01 23:59:00','Espece',10.5),(733,0,11,'2019-09-01 02:11:00','CB',20.5),(734,32,2,'2019-05-08 23:21:00','Espece',2.5),(735,108,11,'2019-09-08 12:14:00','Espece',7.5),(736,106,2,'2019-05-06 20:36:00','Espece',26),(737,0,3,'2019-01-11 20:16:00','CB',2.5),(738,66,6,'2019-01-01 21:14:00','CB',6.5),(739,87,12,'2019-07-04 02:33:00','Espece',4),(740,0,11,'2019-01-03 12:13:00','CB',23),(741,0,3,'2019-09-10 09:27:00','CB',18.5),(742,66,12,'2019-12-09 00:55:00','CB',8),(743,113,11,'2019-12-12 16:34:00','CB',7),(744,118,6,'2019-08-12 07:34:00','CB',5),(745,98,4,'2019-12-01 04:29:00','Espece',15.5),(746,121,7,'2019-06-02 12:38:00','Espece',23.5),(747,100,8,'2019-11-10 22:14:00','CB',12.5),(748,129,9,'2019-05-03 20:52:00','CB',11),(749,86,8,'2019-11-07 14:40:00','Espece',19.5),(750,48,10,'2019-12-12 00:16:00','CB',11),(751,32,9,'2019-03-03 02:16:00','Espece',20.5),(752,19,2,'2019-07-07 22:44:00','CB',14),(753,0,12,'2019-08-09 23:54:00','CB',9.5),(754,74,5,'2019-11-11 12:22:00','CB',28),(755,138,6,'2019-02-11 13:31:00','Espece',2.5),(756,109,6,'2019-06-11 02:44:00','CB',26.5),(757,149,8,'2019-11-01 23:18:00','Espece',11),(758,72,9,'2019-05-07 19:02:00','CB',17.5),(759,0,3,'2019-04-01 20:42:00','CB',7),(760,100,8,'2019-12-08 12:50:00','Espece',17),(761,94,11,'2019-11-08 17:24:00','Espece',16),(762,0,3,'2019-02-09 07:58:00','CB',33),(763,77,10,'2019-10-12 10:32:00','CB',5.5),(764,112,1,'2019-09-09 11:29:00','CB',7.5),(765,100,6,'2019-06-04 16:02:00','CB',9.5),(766,119,4,'2019-07-03 10:23:00','Espece',12),(767,137,12,'2019-01-07 12:47:00','Espece',21),(768,113,7,'2019-04-02 22:56:00','CB',5),(769,15,12,'2019-11-01 07:46:00','CB',18.5),(770,56,12,'2019-02-08 16:08:00','Espece',20),(771,1,8,'2019-10-03 00:17:00','Espece',20.5),(772,94,12,'2019-10-09 06:14:00','Espece',7.5),(773,139,10,'2019-04-01 16:18:00','CB',15),(774,4,9,'2019-05-12 01:42:00','CB',18.5),(775,138,2,'2019-09-11 07:37:00','CB',22),(776,0,2,'2019-07-09 14:25:00','CB',35),(777,51,3,'2019-09-12 17:37:00','Espece',18.5),(778,72,10,'2019-01-07 22:29:00','CB',29),(779,24,2,'2019-09-03 19:51:00','Espece',4),(780,149,11,'2019-02-11 06:37:00','CB',20.5),(781,6,4,'2019-08-01 01:08:00','CB',13.5),(782,4,1,'2019-05-02 02:45:00','CB',11.5),(783,121,10,'2019-08-02 18:31:00','Espece',3),(784,74,4,'2019-11-05 02:18:00','CB',39),(785,105,12,'2019-06-10 15:02:00','Espece',19),(786,0,7,'2019-08-04 03:23:00','CB',8.5),(787,0,10,'2019-03-12 04:36:00','CB',3),(788,0,7,'2019-03-10 03:18:00','CB',12),(789,36,6,'2019-09-05 17:16:00','CB',6),(790,0,10,'2019-10-12 12:12:00','CB',19),(791,0,10,'2019-08-08 02:30:00','CB',15.5),(792,138,9,'2019-12-02 16:07:00','CB',22.5),(793,0,11,'2019-12-01 13:19:00','CB',6.5),(794,45,11,'2019-08-03 20:56:00','Espece',6),(795,128,3,'2019-12-04 09:18:00','Espece',12.5),(796,74,11,'2019-07-06 15:37:00','CB',14.5),(797,2,2,'2019-01-12 19:41:00','CB',14),(798,129,10,'2019-12-08 12:53:00','Espece',20),(799,28,3,'2019-04-08 03:11:00','Espece',13.5),(800,1,10,'2019-07-12 10:06:00','Espece',24.5),(801,0,12,'2019-12-11 18:05:00','CB',5),(802,149,12,'2019-12-08 17:06:00','Espece',10.5),(803,0,10,'2019-12-08 16:20:00','CB',3),(804,77,10,'2019-08-10 18:22:00','CB',27.5),(805,129,12,'2019-09-04 13:39:00','CB',28),(806,56,7,'2019-02-06 23:27:00','Espece',1.5),(807,53,9,'2019-04-12 01:26:00','Espece',4),(808,2,7,'2019-05-04 09:27:00','Espece',20.5),(809,86,10,'2019-07-09 02:31:00','CB',28.5),(810,32,5,'2019-06-11 00:59:00','Espece',3),(811,56,11,'2019-06-05 03:27:00','Espece',10.5),(812,109,2,'2019-01-01 23:33:00','CB',32.5),(813,6,10,'2019-09-02 22:10:00','Espece',27.5),(814,89,1,'2019-07-04 15:29:00','Espece',18.5),(815,87,12,'2019-02-05 03:39:00','Espece',21.5),(816,89,3,'2019-01-07 21:05:00','CB',27),(817,0,2,'2019-11-06 16:10:00','CB',18.5),(818,0,2,'2019-09-12 18:23:00','CB',8),(819,0,3,'2019-08-12 18:51:00','CB',20),(820,1,4,'2019-11-11 12:16:00','CB',10),(821,74,3,'2019-07-04 13:02:00','CB',7.5),(822,148,4,'2019-05-12 16:25:00','CB',5.5),(823,0,5,'2019-01-08 02:25:00','CB',5),(824,19,6,'2019-09-03 16:00:00','Espece',26.5),(825,0,7,'2019-08-03 18:50:00','CB',19.5),(826,0,12,'2019-06-10 17:08:00','CB',8),(827,145,12,'2019-12-01 05:26:00','Espece',19),(828,0,12,'2019-11-08 10:35:00','CB',20.5),(829,0,5,'2019-03-12 12:06:00','CB',12),(830,0,3,'2019-10-07 08:56:00','CB',34),(831,82,8,'2019-01-09 06:39:00','Espece',18),(832,125,1,'2019-06-02 20:07:00','CB',15),(833,19,5,'2019-12-09 17:43:00','CB',25),(834,0,7,'2019-01-11 01:45:00','CB',13.5),(835,85,12,'2019-08-11 12:08:00','Espece',15.5),(836,1,8,'2019-02-02 05:28:00','CB',15.5),(837,74,6,'2019-07-09 01:16:00','Espece',1.5),(838,108,4,'2019-02-09 22:21:00','CB',21),(839,66,10,'2019-03-10 12:51:00','CB',17),(840,0,3,'2019-03-08 09:58:00','CB',13.5),(841,89,11,'2019-11-07 15:09:00','CB',8.5),(842,0,12,'2019-06-11 10:59:00','CB',9),(843,138,1,'2019-07-03 22:28:00','Espece',7.5),(844,0,3,'2019-12-09 14:52:00','CB',18),(845,24,11,'2019-02-11 18:52:00','CB',18),(846,56,8,'2019-03-09 20:54:00','Espece',11),(847,28,1,'2019-06-09 04:34:00','Espece',11),(848,2,3,'2019-05-10 02:48:00','Espece',3),(849,14,8,'2019-06-01 18:41:00','Espece',8.5),(850,37,4,'2019-10-10 19:19:00','CB',6),(851,145,9,'2019-05-12 12:28:00','Espece',18.5),(852,137,6,'2019-10-02 13:41:00','Espece',17),(853,53,11,'2019-10-08 19:45:00','Espece',19.5),(854,37,2,'2019-03-12 10:27:00','CB',11),(855,100,10,'2019-04-12 17:38:00','Espece',22),(856,129,6,'2019-08-12 08:10:00','CB',22.5),(857,15,4,'2019-02-04 03:15:00','Espece',21),(858,125,2,'2019-11-05 11:54:00','Espece',13.5),(859,0,12,'2019-05-09 06:46:00','CB',27.5),(860,0,12,'2019-02-06 08:30:00','CB',12.5),(861,86,1,'2019-02-03 14:09:00','CB',2.5),(862,126,10,'2019-10-11 09:01:00','Espece',23.5),(863,0,12,'2019-06-04 01:38:00','CB',1.5),(864,89,1,'2019-01-03 14:10:00','Espece',20.5),(865,100,2,'2019-01-01 01:26:00','CB',26),(866,91,12,'2019-02-10 06:06:00','CB',19.5),(867,0,7,'2019-10-12 13:32:00','CB',26),(868,137,4,'2019-04-05 04:56:00','Espece',27),(869,83,10,'2019-06-10 21:35:00','CB',29.5),(870,85,1,'2019-07-11 20:01:00','Espece',3),(871,149,6,'2019-01-04 22:04:00','CB',18.5),(872,28,8,'2019-10-09 23:52:00','CB',20.5),(873,0,2,'2019-06-02 17:24:00','CB',29.5),(874,0,12,'2019-07-10 01:36:00','CB',9),(875,6,11,'2019-03-09 10:58:00','CB',16.5),(876,0,5,'2019-07-10 12:26:00','CB',8.5),(877,4,7,'2019-04-02 13:28:00','Espece',2.5),(878,0,5,'2019-05-03 09:24:00','CB',26.5),(879,6,6,'2019-10-08 06:14:00','CB',1.5),(880,71,6,'2019-02-12 17:43:00','CB',24),(881,21,7,'2019-11-09 15:21:00','CB',4.5),(882,19,9,'2019-07-10 22:06:00','CB',6.5),(883,99,1,'2019-02-11 14:57:00','CB',17.5),(884,77,11,'2019-10-01 00:36:00','CB',21.5),(885,0,7,'2019-08-10 22:44:00','CB',15),(886,99,4,'2019-04-06 19:49:00','CB',13.5),(887,149,5,'2019-09-06 16:04:00','CB',5.5),(888,119,4,'2019-06-06 10:20:00','Espece',28.5),(889,32,3,'2019-11-12 21:07:00','CB',4.5),(890,144,5,'2019-12-10 12:58:00','Espece',25.5),(891,105,4,'2019-06-01 22:21:00','Espece',22.5),(892,0,5,'2019-04-04 16:16:00','CB',12),(893,51,11,'2019-05-07 06:49:00','Espece',24.5),(894,125,9,'2019-06-03 11:48:00','CB',10.5),(895,0,10,'2019-07-08 19:32:00','CB',23.5),(896,0,5,'2019-09-03 02:22:00','CB',34),(897,15,4,'2019-09-04 10:28:00','CB',10.5),(898,0,2,'2019-06-04 16:35:00','CB',27),(899,85,12,'2019-08-11 22:42:00','CB',17),(900,125,5,'2019-10-12 08:30:00','CB',12),(901,0,5,'2019-03-06 22:11:00','CB',5),(902,108,7,'2019-08-09 11:34:00','CB',12),(903,99,3,'2019-09-06 00:40:00','Espece',20),(904,0,7,'2019-02-04 12:28:00','CB',14.5),(905,14,12,'2019-05-07 04:50:00','Espece',21),(906,91,11,'2019-09-05 13:27:00','CB',29.5),(907,69,7,'2019-03-01 12:09:00','Espece',9),(908,53,7,'2019-11-02 13:20:00','Espece',27.5),(909,18,10,'2019-11-04 23:32:00','Espece',8),(910,149,7,'2019-01-06 02:48:00','Espece',36.5),(911,137,9,'2019-12-10 23:43:00','Espece',15),(912,19,5,'2019-11-09 13:49:00','Espece',35.5),(913,51,8,'2019-02-07 16:07:00','CB',19),(914,115,6,'2019-08-04 02:39:00','Espece',20.5),(915,0,7,'2019-06-08 23:37:00','CB',31.5),(916,36,3,'2019-09-05 10:12:00','Espece',29),(917,77,9,'2019-07-02 17:39:00','Espece',17),(918,0,10,'2019-09-10 19:45:00','CB',19.5),(919,72,6,'2019-03-12 08:53:00','CB',34),(920,86,5,'2019-01-11 18:46:00','CB',6.5),(921,99,7,'2019-05-05 17:59:00','Espece',29),(922,134,9,'2019-06-01 23:56:00','CB',6.5),(923,99,10,'2019-05-02 02:53:00','Espece',8),(924,51,9,'2019-07-12 17:09:00','Espece',22.5),(925,0,3,'2019-02-04 19:41:00','CB',14.5),(926,99,5,'2019-11-09 06:30:00','Espece',6),(927,0,7,'2019-09-01 18:31:00','CB',5.5),(928,127,8,'2019-08-06 01:06:00','Espece',3),(929,87,7,'2019-05-09 03:49:00','Espece',13.5),(930,98,4,'2019-09-09 08:11:00','Espece',26),(931,98,12,'2019-01-01 12:47:00','Espece',4),(932,115,3,'2019-12-04 06:48:00','CB',5.5),(933,2,2,'2019-02-05 21:38:00','Espece',1.5),(934,0,3,'2019-04-01 07:55:00','CB',11.5),(935,113,3,'2019-05-11 21:48:00','Espece',29.5),(936,113,4,'2019-01-08 21:24:00','Espece',7),(937,0,5,'2019-09-03 15:15:00','CB',21),(938,139,5,'2019-01-07 01:52:00','CB',12),(939,145,4,'2019-10-08 10:02:00','CB',15.5),(940,36,4,'2019-10-04 11:49:00','Espece',10),(941,0,5,'2019-01-09 21:06:00','CB',11),(942,0,7,'2019-10-03 22:13:00','CB',11.5),(943,82,10,'2019-06-10 05:23:00','Espece',10),(944,112,9,'2019-03-10 06:33:00','CB',25.5),(945,28,4,'2019-10-07 06:27:00','CB',9.5),(946,53,4,'2019-06-10 18:11:00','CB',2.5),(947,115,1,'2019-04-05 21:19:00','CB',18.5),(948,0,12,'2019-09-01 16:12:00','CB',15.5),(949,0,11,'2019-04-09 12:17:00','CB',16.5),(950,15,11,'2019-10-11 21:18:00','Espece',21.5),(951,0,2,'2019-02-01 06:17:00','CB',14.5),(952,0,10,'2019-12-12 03:03:00','CB',11),(953,98,7,'2019-06-01 07:24:00','Espece',31.5),(954,0,7,'2019-11-06 03:02:00','CB',12.5),(955,36,6,'2019-12-07 01:02:00','CB',27),(956,0,5,'2019-10-04 09:33:00','CB',26.5),(957,94,11,'2019-04-09 11:49:00','Espece',9.5),(958,71,8,'2019-02-12 16:39:00','Espece',31),(959,118,7,'2019-01-10 04:36:00','Espece',25),(960,14,11,'2019-01-11 01:20:00','CB',27),(961,82,10,'2019-04-03 11:06:00','CB',12),(962,53,10,'2019-10-02 04:40:00','Espece',8.5),(963,37,5,'2019-08-03 13:39:00','CB',2.5),(964,0,10,'2019-10-11 04:53:00','CB',17.5),(965,0,7,'2019-09-07 02:14:00','CB',14),(966,36,4,'2019-06-06 20:43:00','CB',15.5),(967,0,12,'2019-01-07 18:38:00','CB',15.5),(968,0,11,'2019-07-07 16:12:00','CB',6.5),(969,83,1,'2019-04-10 15:00:00','CB',19),(970,74,4,'2019-01-01 13:03:00','Espece',19.5),(971,91,9,'2019-02-12 17:03:00','CB',17.5),(972,0,10,'2019-04-03 21:33:00','CB',4.5),(973,0,7,'2019-05-01 16:56:00','CB',12),(974,0,12,'2019-08-03 17:00:00','CB',2.5),(975,121,11,'2019-06-10 19:00:00','Espece',19),(976,6,2,'2019-05-11 16:38:00','Espece',4),(977,0,2,'2019-03-12 14:12:00','CB',27.5),(978,72,6,'2019-02-10 10:33:00','Espece',7.5),(979,48,12,'2019-03-06 04:55:00','Espece',15),(980,149,3,'2019-12-02 01:15:00','Espece',24),(981,57,9,'2019-12-12 03:00:00','CB',17),(982,53,12,'2019-10-05 04:26:00','CB',7.5),(983,0,7,'2019-03-07 19:39:00','CB',17.5),(984,55,9,'2019-04-07 15:59:00','Espece',5),(985,100,4,'2019-07-04 16:25:00','CB',16),(986,28,6,'2019-09-01 15:46:00','Espece',4),(987,108,7,'2019-03-01 09:11:00','Espece',11.5),(988,89,4,'2019-11-04 06:34:00','CB',12.5),(989,0,7,'2019-02-11 13:45:00','CB',20.5),(990,131,3,'2019-11-02 14:04:00','CB',29),(991,106,1,'2019-08-02 04:09:00','CB',16.5),(992,139,2,'2019-07-09 22:20:00','CB',3),(993,0,3,'2019-08-09 23:00:00','CB',21),(994,100,6,'2019-01-05 17:50:00','Espece',6.5),(995,137,6,'2019-03-04 07:52:00','CB',6.5),(996,113,2,'2019-11-03 13:15:00','CB',6),(997,0,11,'2019-02-06 06:10:00','CB',16.5),(998,127,3,'2019-09-05 18:30:00','Espece',19.5),(999,128,6,'2019-10-01 00:46:00','CB',18),(1000,119,7,'2019-10-02 04:47:00','CB',11.5);
/*!40000 ALTER TABLE `Orders` ENABLE KEYS */;
UNLOCK TABLES;

--
-- Table structure for table `Orders_items`
--

DROP TABLE IF EXISTS `Orders_items`;
/*!40101 SET @saved_cs_client     = @@character_set_client */;
/*!40101 SET character_set_client = utf8 */;
CREATE TABLE `Orders_items` (
  `order_id` int(11) NOT NULL,
  `item_id` int(11) NOT NULL,
  `quantite` int(11) NOT NULL,
  UNIQUE KEY `order_id` (`order_id`,`item_id`),
  KEY `Orders_items_fk1` (`item_id`),
  CONSTRAINT `Orders_items_fk0` FOREIGN KEY (`order_id`) REFERENCES `Orders` (`id`) ON DELETE CASCADE,
  CONSTRAINT `Orders_items_fk1` FOREIGN KEY (`item_id`) REFERENCES `Items` (`id`) ON DELETE CASCADE
) ENGINE=InnoDB DEFAULT CHARSET=latin1;
/*!40101 SET character_set_client = @saved_cs_client */;

--
-- Dumping data for table `Orders_items`
--

LOCK TABLES `Orders_items` WRITE;
/*!40000 ALTER TABLE `Orders_items` DISABLE KEYS */;
INSERT INTO `Orders_items` VALUES (1,1,2),(1,2,3),(1,4,3),(1,6,3),(1,7,3),(1,8,1),(2,2,1),(2,6,1),(2,15,1),(3,2,2),(3,4,1),(3,10,3),(3,13,3),(3,17,3),(4,2,1),(4,4,3),(4,9,1),(5,3,2),(5,4,2),(5,9,3),(5,10,1),(5,12,3),(5,13,2),(6,2,1),(6,6,2),(6,9,2),(7,1,3),(7,8,1),(7,9,1),(7,12,3),(7,14,2),(7,15,3),(8,1,2),(8,3,3),(8,6,1),(8,9,2),(8,12,3),(8,15,1),(9,3,2),(9,5,1),(9,6,3),(9,11,2),(9,12,1),(10,3,1),(10,5,2),(10,10,3),(10,12,3),(10,14,2),(11,1,1),(11,4,2),(11,11,1),(12,12,3),(12,17,1),(13,2,3),(13,6,3),(13,12,3),(14,9,3),(15,16,2),(16,3,3),(16,5,3),(16,9,1),(16,12,2),(17,1,3),(17,10,1),(18,2,2),(18,3,2),(18,7,2),(18,8,1),(18,10,3),(19,13,2),(20,6,1),(20,7,1),(20,10,3),(20,14,2),(20,17,2),(21,6,2),(21,14,1),(21,15,3),(22,2,2),(22,3,1),(22,5,2),(22,7,3),(22,8,1),(22,17,2),(23,2,2),(23,7,1),(23,12,2),(24,2,2),(24,8,3),(24,14,3),(24,16,1),(25,10,2),(25,15,3),(26,2,1),(26,8,2),(26,9,3),(27,4,1),(27,5,2),(27,12,2),(28,9,1),(28,10,1),(29,6,3),(29,7,1),(29,9,3),(29,10,2),(29,13,1),(29,15,1),(30,10,3),(30,11,1),(31,1,2),(31,6,1),(31,7,1),(31,8,1),(31,13,3),(31,15,2),(32,5,3),(32,9,1),(32,10,1),(33,7,3),(33,16,1),(34,5,3),(34,11,1),(34,13,1),(34,15,1),(35,1,2),(35,2,3),(35,6,1),(35,10,3),(35,15,3),(35,17,3),(36,2,3),(36,9,2),(36,11,3),(36,12,3),(36,13,1),(37,2,3),(37,9,2),(37,12,2),(37,17,1),(38,1,2),(38,6,2),(38,8,2),(38,11,3),(38,15,1),(39,1,2),(39,9,3),(39,10,2),(40,2,3),(40,4,2),(40,7,3),(40,16,1),(41,1,3),(41,4,3),(41,5,3),(41,15,1),(42,10,1),(42,13,3),(42,15,3),(43,4,1),(43,6,1),(43,15,3),(44,6,1),(44,8,2),(44,15,2),(45,13,3),(45,14,2),(45,16,3),(46,1,2),(46,6,3),(46,9,2),(46,12,3),(46,16,1),(47,5,3),(47,12,2),(48,9,1),(48,17,3),(49,3,1),(49,5,3),(49,17,3),(50,2,1),(50,8,1),(51,6,3),(51,15,3),(51,17,3),(52,5,1),(52,9,3),(52,11,3),(52,13,2),(53,10,3),(54,7,3),(54,9,2),(54,10,3),(54,11,2),(55,1,1),(55,5,2),(56,1,2),(56,12,2),(56,13,1),(56,15,3),(57,3,1),(57,5,2),(57,7,2),(57,16,2),(58,4,1),(58,10,2),(58,12,2),(58,14,1),(59,1,1),(59,5,2),(59,10,3),(60,2,2),(60,3,3),(60,10,3),(60,17,2),(61,1,3),(61,16,1),(62,1,3),(62,4,1),(62,11,2),(63,2,1),(64,1,1),(64,5,2),(64,14,2),(64,16,2),(65,2,1),(65,7,3),(65,8,3),(65,9,2),(65,12,1),(65,13,3),(66,1,3),(66,6,3),(66,7,1),(66,11,2),(66,12,2),(67,5,3),(67,10,2),(67,16,3),(68,6,2),(69,2,2),(69,15,2),(70,2,3),(70,4,3),(70,15,2),(71,14,2),(72,2,3),(72,3,2),(72,10,3),(72,11,3),(73,5,3),(73,6,2),(73,14,3),(73,15,2),(73,16,1),(74,1,1),(74,4,1),(74,7,1),(74,9,2),(74,14,1),(75,1,2),(75,7,1),(75,10,2),(75,11,2),(75,16,1),(75,17,1),(76,1,2),(76,5,1),(76,8,1),(76,16,3),(76,17,1),(77,5,2),(77,8,2),(77,15,2),(78,2,3),(78,3,3),(79,1,3),(79,10,3),(79,11,1),(80,2,3),(80,3,2),(80,7,3),(80,10,2),(80,12,1),(81,2,2),(81,5,1),(81,7,3),(81,8,2),(82,1,2),(82,2,3),(82,8,1),(82,10,2),(82,14,1),(82,17,1),(83,2,1),(83,3,1),(83,6,1),(83,7,2),(83,17,3),(84,1,2),(84,10,2),(85,3,2),(86,2,2),(86,8,3),(86,13,1),(86,14,3),(86,15,1),(87,2,2),(87,12,3),(87,16,1),(88,6,1),(88,9,3),(88,10,3),(88,12,3),(88,13,1),(88,15,2),(89,8,1),(89,11,3),(89,12,3),(90,3,2),(90,6,3),(90,7,1),(90,12,1),(90,14,3),(91,1,1),(92,10,1),(92,12,2),(92,16,2),(93,1,1),(94,4,2),(94,8,3),(94,11,3),(94,16,1),(94,17,2),(95,11,3),(95,15,3),(96,4,2),(96,6,1),(96,11,3),(96,14,3),(97,2,3),(97,14,1),(97,16,1),(98,1,2),(98,2,2),(98,6,1),(98,11,2),(98,14,3),(98,17,2),(99,1,1),(99,3,3),(99,6,2),(99,7,3),(99,8,2),(100,3,1),(100,7,2),(100,8,1),(101,2,1),(102,1,1),(102,2,3),(102,4,3),(102,7,3),(102,12,3),(103,2,2),(103,13,3),(103,17,2),(104,7,3),(104,17,2),(105,1,2),(105,2,1),(105,9,1),(105,10,1),(105,12,1),(105,14,1),(106,8,2),(106,9,2),(107,5,1),(107,6,3),(107,7,2),(107,8,1),(107,11,3),(108,2,1),(108,8,2),(108,13,3),(109,7,2),(109,8,1),(109,10,3),(109,14,1),(110,3,2),(110,4,3),(110,5,1),(110,10,1),(111,7,3),(111,12,2),(111,14,3),(112,1,1),(112,6,1),(112,7,1),(113,17,1),(114,2,3),(114,3,2),(114,9,2),(114,10,2),(114,12,2),(115,1,2),(115,10,1),(115,17,2),(116,1,2),(116,4,3),(116,9,3),(116,11,2),(116,13,2),(116,15,2),(117,6,2),(117,7,1),(117,8,1),(117,12,1),(118,2,1),(119,14,1),(120,4,2),(120,10,1),(120,11,3),(120,12,1),(120,13,3),(120,15,1),(121,2,3),(121,5,1),(121,12,3),(121,14,3),(121,16,3),(122,14,2),(123,1,2),(123,2,1),(123,6,1),(123,7,3),(123,14,2),(123,15,3),(124,9,3),(124,16,2),(125,8,2),(125,11,1),(125,16,2),(126,3,1),(126,7,2),(126,11,2),(126,14,3),(126,17,2),(127,17,1),(128,12,2),(129,14,2),(130,10,2),(130,13,3),(131,9,1),(131,11,3),(131,13,2),(131,14,1),(132,10,3),(132,15,1),(133,8,3),(133,11,2),(134,6,2),(134,7,1),(134,11,1),(134,12,1),(134,14,2),(134,15,1),(135,6,2),(135,8,2),(135,17,1),(136,1,1),(136,5,3),(136,14,3),(137,13,1),(137,15,1),(138,6,3),(138,12,2),(138,13,1),(138,14,3),(139,9,2),(139,10,3),(139,11,3),(140,2,3),(140,8,1),(140,13,1),(141,6,2),(141,7,3),(141,9,2),(141,13,1),(141,15,3),(142,6,2),(143,1,3),(143,2,1),(144,5,1),(144,10,1),(144,12,1),(144,17,2),(145,2,2),(145,6,1),(145,9,1),(145,14,1),(145,15,1),(146,5,3),(146,6,1),(147,1,2),(147,5,1),(147,10,2),(147,16,1),(148,2,2),(148,4,3),(148,10,2),(148,12,3),(148,15,1),(149,10,1),(149,13,1),(150,6,2),(150,10,1),(150,14,3),(151,5,3),(151,11,3),(151,16,2),(152,2,2),(152,3,2),(152,9,3),(152,11,3),(152,17,1),(153,2,3),(153,4,2),(153,13,2),(153,15,3),(154,3,3),(154,5,3),(154,7,2),(154,10,1),(154,14,1),(154,17,3),(155,9,2),(156,8,1),(156,9,3),(156,10,3),(156,11,2),(156,15,1),(156,16,3),(157,5,2),(157,9,1),(157,13,1),(158,2,2),(158,4,2),(159,2,3),(160,4,2),(160,7,1),(160,10,3),(160,13,1),(161,12,3),(161,13,2),(162,1,1),(162,5,1),(162,9,2),(162,12,1),(162,14,1),(162,16,2),(163,6,2),(163,10,2),(163,15,2),(164,3,1),(165,7,1),(165,13,1),(166,5,2),(166,16,3),(167,17,2),(168,1,3),(168,4,1),(168,6,3),(169,2,3),(169,3,3),(169,7,1),(169,17,2),(170,1,1),(170,8,1),(170,11,1),(170,15,1),(171,1,3),(171,5,3),(171,10,2),(171,16,2),(172,2,1),(172,14,2),(173,2,1),(173,7,1),(173,14,1),(174,6,3),(174,7,3),(174,8,1),(174,10,3),(174,13,3),(175,11,2),(175,12,2),(176,4,2),(176,7,2),(176,11,2),(176,12,1),(176,13,3),(176,14,2),(177,6,3),(178,8,2),(178,15,1),(179,2,3),(179,12,1),(179,13,1),(180,10,2),(180,12,3),(181,1,3),(181,2,3),(181,4,2),(181,8,3),(181,9,1),(181,10,2),(182,17,3),(183,1,2),(184,5,3),(184,6,3),(184,10,2),(185,3,1),(185,9,3),(185,11,2),(185,17,3),(186,11,3),(186,14,2),(186,17,2),(187,3,3),(187,6,2),(187,9,2),(187,10,3),(187,13,3),(187,14,3),(188,4,1),(188,7,3),(188,10,3),(188,12,1),(188,15,2),(189,13,1),(190,1,3),(190,4,3),(190,10,2),(190,12,1),(190,14,3),(191,3,1),(191,5,2),(191,10,2),(191,11,1),(191,16,2),(192,17,1),(193,4,1),(193,6,1),(193,12,2),(193,17,2),(194,3,2),(195,12,2),(196,4,1),(196,11,1),(196,13,3),(197,1,3),(197,8,2),(197,10,3),(198,5,1),(198,7,2),(198,16,1),(199,17,1),(200,2,2),(200,4,2),(200,11,3),(200,17,2),(201,9,1),(201,11,3),(201,14,3),(202,3,3),(202,5,3),(202,6,2),(202,11,3),(202,14,2),(202,16,2),(203,16,1),(204,1,1),(204,11,1),(204,13,1),(204,15,3),(205,2,1),(205,9,3),(205,11,3),(205,13,2),(205,14,2),(205,16,3),(206,3,2),(206,4,2),(206,5,1),(206,8,2),(206,11,3),(206,12,3),(207,3,3),(207,7,1),(207,12,1),(207,14,1),(208,3,2),(208,4,1),(208,7,3),(208,8,1),(208,10,1),(208,12,3),(209,11,2),(209,14,3),(210,10,2),(210,12,1),(210,16,2),(210,17,2),(211,12,3),(212,4,3),(212,5,2),(212,7,3),(213,6,2),(214,3,3),(214,8,2),(214,17,3),(215,5,3),(215,6,2),(215,12,3),(215,14,2),(216,5,3),(216,7,2),(216,8,3),(216,9,1),(216,10,2),(216,11,1),(217,17,1),(218,14,1),(218,17,1),(219,4,3),(219,7,2),(219,9,3),(219,14,1),(220,2,2),(220,11,3),(220,14,1),(220,15,1),(221,17,2),(222,3,1),(222,5,3),(222,9,1),(222,13,1),(223,1,2),(223,3,2),(223,4,2),(223,7,1),(223,9,2),(223,13,2),(224,2,2),(224,9,3),(224,11,3),(224,12,2),(224,13,2),(225,7,3),(225,16,3),(226,4,3),(226,7,1),(226,14,1),(226,17,3),(227,10,1),(227,11,2),(227,14,1),(227,16,2),(228,1,1),(228,8,1),(228,10,1),(228,12,3),(228,14,3),(228,17,2),(229,2,3),(229,4,1),(229,5,2),(229,15,1),(229,17,1),(230,3,2),(230,4,3),(230,9,3),(230,10,1),(230,17,3),(231,2,3),(231,9,3),(231,11,2),(231,12,3),(232,8,2),(232,9,1),(232,13,1),(233,7,1),(234,2,1),(234,17,2),(235,5,3),(235,12,1),(236,1,3),(236,2,1),(236,4,2),(236,6,2),(236,8,1),(236,15,3),(237,3,1),(237,8,3),(237,12,3),(237,17,2),(238,9,1),(238,12,2),(238,13,1),(239,3,2),(239,9,1),(240,6,1),(240,7,1),(240,10,3),(240,11,3),(240,12,2),(240,16,2),(241,2,3),(241,5,1),(241,8,2),(241,9,1),(241,13,3),(241,16,1),(242,11,3),(243,13,2),(244,9,1),(244,10,1),(244,11,2),(244,12,3),(245,6,1),(245,8,2),(245,10,3),(245,11,1),(245,13,3),(245,14,3),(246,7,2),(247,3,2),(247,7,1),(247,9,2),(247,11,2),(247,16,2),(248,7,2),(248,12,3),(249,2,3),(249,7,3),(249,12,1),(249,13,1),(250,4,3),(250,9,3),(250,14,1),(250,15,2),(251,2,2),(251,14,2),(251,16,3),(251,17,2),(252,3,1),(252,4,2),(252,7,3),(252,9,2),(252,12,1),(253,8,2),(253,12,2),(253,13,3),(253,15,3),(254,4,3),(254,9,2),(254,17,2),(255,3,3),(255,8,3),(256,6,2),(256,7,1),(256,9,1),(256,11,3),(256,13,3),(256,15,1),(257,2,3),(257,7,1),(257,9,2),(257,13,2),(258,2,3),(258,10,3),(258,13,1),(258,14,3),(259,7,1),(259,10,3),(259,13,1),(260,9,2),(260,10,2),(260,11,1),(260,17,3),(261,9,1),(261,12,3),(261,16,3),(262,9,2),(262,10,3),(262,11,1),(262,13,3),(263,1,2),(263,4,2),(263,8,3),(263,9,1),(264,5,2),(264,9,2),(264,13,2),(264,14,3),(264,15,1),(264,16,3),(265,6,3),(265,9,3),(265,10,3),(265,13,3),(265,17,2),(266,3,3),(266,5,3),(266,9,2),(266,10,3),(266,14,1),(267,3,1),(267,5,2),(268,4,3),(268,6,3),(268,7,1),(268,11,3),(268,12,3),(268,13,1),(269,2,1),(269,4,2),(269,6,3),(269,9,2),(269,10,1),(269,12,2),(270,2,2),(270,4,2),(270,8,2),(270,9,1),(270,10,1),(271,8,1),(271,12,3),(272,1,2),(272,2,2),(272,8,3),(272,11,2),(272,13,3),(272,15,2),(273,6,1),(273,12,1),(273,14,3),(274,3,3),(274,11,3),(274,12,1),(274,13,1),(274,16,1),(275,5,3),(275,7,2),(275,8,1),(275,10,3),(275,13,2),(276,1,3),(276,4,1),(276,5,1),(276,7,3),(276,11,1),(276,16,3),(277,9,1),(277,12,1),(277,14,1),(277,16,1),(278,2,1),(278,5,3),(278,10,1),(278,11,2),(278,14,3),(278,16,3),(279,14,1),(280,1,2),(280,4,1),(280,5,1),(280,6,2),(280,13,3),(280,16,3),(281,4,1),(281,6,1),(281,7,1),(281,15,1),(282,4,3),(282,8,1),(282,10,2),(282,12,3),(282,16,3),(283,3,2),(283,5,2),(283,13,1),(284,2,3),(284,6,2),(284,13,2),(285,2,3),(285,8,1),(285,10,1),(285,11,2),(285,12,2),(285,14,2),(286,6,2),(286,7,2),(286,10,2),(286,13,2),(287,1,3),(287,2,3),(287,5,3),(287,6,1),(287,11,2),(287,14,1),(288,1,3),(288,7,1),(288,16,2),(289,4,1),(289,8,3),(289,17,1),(290,2,1),(290,5,2),(290,9,1),(290,11,3),(291,2,1),(291,3,3),(291,7,2),(291,10,1),(291,12,1),(291,14,3),(292,2,2),(292,5,1),(293,1,2),(293,4,1),(293,7,1),(293,14,2),(294,3,2),(294,13,1),(294,16,2),(295,5,2),(295,9,3),(295,13,2),(295,16,1),(295,17,2),(296,6,2),(296,7,3),(296,9,1),(296,13,3),(296,17,1),(297,14,1),(298,1,1),(298,8,2),(298,12,1),(298,14,3),(298,15,3),(299,1,1),(299,6,1),(299,8,2),(299,15,2),(300,12,3),(300,16,1),(301,8,1),(302,1,2),(302,5,2),(303,2,2),(303,14,3),(304,2,1),(304,3,1),(304,13,3),(304,16,1),(305,4,1),(305,7,1),(305,8,1),(305,12,1),(306,2,1),(306,5,3),(306,8,2),(306,10,2),(306,12,1),(306,14,1),(307,3,3),(307,14,1),(308,17,3),(309,8,1),(309,10,1),(309,16,2),(310,2,2),(310,3,3),(310,12,1),(310,16,1),(311,5,1),(311,7,1),(311,12,1),(311,13,2),(311,15,1),(311,16,1),(312,8,2),(313,1,1),(313,7,3),(313,13,3),(314,3,3),(314,5,1),(314,12,3),(314,14,3),(315,1,2),(315,2,3),(315,8,3),(315,14,1),(316,2,1),(316,11,2),(316,16,1),(317,1,2),(317,8,1),(317,9,3),(317,12,3),(317,17,1),(318,3,3),(318,5,2),(318,8,2),(318,15,1),(318,16,3),(319,8,3),(319,11,2),(320,11,1),(320,13,1),(320,14,1),(321,7,2),(322,17,3),(323,3,3),(323,5,1),(323,12,1),(324,2,1),(324,3,3),(324,15,2),(325,1,2),(325,3,3),(325,4,1),(325,8,3),(325,10,3),(325,16,1),(326,5,3),(326,12,2),(326,14,1),(326,16,3),(327,2,2),(327,6,1),(327,13,2),(327,16,3),(328,4,2),(328,8,1),(328,9,2),(328,15,2),(328,16,1),(328,17,2),(329,2,2),(329,8,3),(329,10,1),(329,13,2),(329,14,3),(330,9,2),(331,2,1),(331,3,1),(331,5,1),(331,8,3),(331,11,3),(331,14,1),(332,3,1),(332,6,2),(333,1,1),(333,7,3),(333,8,3),(333,11,3),(333,13,1),(334,3,1),(334,4,2),(334,9,3),(334,10,3),(334,13,2),(334,16,1),(335,5,2),(335,10,1),(335,11,3),(335,13,1),(336,1,2),(336,4,2),(336,9,3),(336,11,1),(337,5,3),(337,8,3),(337,12,3),(337,14,1),(338,2,1),(338,7,2),(338,13,1),(338,16,1),(339,6,1),(339,11,1),(339,12,1),(339,13,2),(339,14,1),(339,17,2),(340,7,3),(340,9,3),(340,10,2),(340,11,2),(340,12,2),(341,3,2),(341,4,2),(341,7,2),(341,12,1),(341,13,2),(341,16,1),(342,6,2),(342,10,2),(343,7,3),(344,2,1),(345,9,1),(345,10,1),(345,12,1),(345,14,2),(346,3,3),(346,9,1),(347,7,2),(347,9,2),(347,10,3),(347,11,1),(348,2,3),(348,13,1),(348,17,2),(349,9,1),(349,11,3),(349,15,1),(350,4,3),(351,7,1),(351,10,2),(351,12,3),(351,15,3),(352,1,2),(353,1,2),(353,7,2),(353,12,2),(353,16,1),(354,6,1),(354,12,1),(354,13,3),(355,7,1),(355,10,2),(355,12,3),(356,8,3),(356,15,2),(357,1,1),(357,2,1),(357,9,2),(357,13,2),(358,2,3),(358,3,2),(358,8,2),(358,9,1),(358,12,1),(358,17,3),(359,8,3),(359,9,2),(359,10,2),(359,11,2),(359,14,3),(359,15,1),(360,6,3),(360,14,3),(360,17,1),(361,1,1),(361,2,1),(361,3,3),(361,7,1),(361,11,1),(361,15,3),(362,6,1),(362,8,2),(362,9,3),(362,11,1),(362,12,3),(362,15,3),(363,8,2),(364,3,1),(364,12,3),(364,17,3),(365,10,1),(366,12,3),(366,16,3),(367,9,1),(367,12,1),(368,13,1),(368,14,3),(369,13,3),(369,14,3),(369,16,3),(370,13,1),(371,3,1),(371,9,1),(372,8,2),(372,9,2),(372,14,1),(373,2,2),(373,3,1),(373,11,3),(373,13,2),(373,14,1),(374,8,2),(375,9,1),(375,12,1),(375,15,3),(375,16,1),(376,8,2),(376,13,2),(377,2,1),(377,14,1),(378,2,3),(378,7,2),(378,9,2),(378,12,1),(378,14,3),(378,15,3),(379,4,1),(380,6,2),(381,5,2),(381,8,3),(382,6,1),(382,10,1),(383,1,1),(383,3,3),(383,11,2),(383,12,1),(383,17,1),(384,8,3),(384,9,2),(384,10,1),(384,16,2),(385,5,2),(386,10,2),(387,3,1),(387,5,2),(387,10,2),(387,12,2),(387,14,1),(388,1,3),(388,2,3),(388,3,1),(388,7,3),(388,9,1),(388,12,3),(389,1,3),(389,2,2),(389,8,1),(389,12,2),(389,13,1),(389,15,3),(390,2,2),(390,3,3),(390,11,1),(390,12,3),(390,16,2),(390,17,1),(391,1,1),(391,6,2),(391,7,3),(392,3,2),(392,7,2),(392,9,3),(392,10,2),(392,13,2),(392,16,1),(393,2,3),(393,7,3),(394,2,3),(394,6,1),(394,11,1),(394,13,3),(394,14,3),(394,15,1),(395,5,1),(395,6,1),(395,7,1),(395,15,1),(396,3,3),(396,5,3),(396,8,1),(396,9,2),(396,12,2),(396,15,1),(397,11,2),(397,15,1),(398,2,2),(398,7,1),(398,10,1),(398,12,2),(398,16,1),(399,2,3),(399,8,2),(399,9,3),(399,11,1),(399,14,2),(399,15,2),(400,1,2),(400,13,3),(400,15,3),(400,16,1),(400,17,1),(401,5,3),(401,7,1),(401,11,1),(401,13,2),(402,8,1),(402,16,2),(403,7,3),(404,5,1),(404,10,3),(404,11,3),(404,16,2),(405,5,2),(405,10,2),(405,14,2),(406,4,3),(406,17,2),(407,1,3),(407,2,2),(407,3,2),(407,4,3),(407,12,3),(408,3,1),(409,7,2),(409,8,2),(409,11,2),(409,16,2),(410,5,2),(410,11,3),(410,13,1),(411,7,3),(411,9,1),(411,10,2),(411,14,2),(411,15,2),(411,16,2),(412,13,1),(412,14,3),(413,2,3),(414,6,2),(414,7,1),(414,14,1),(415,6,3),(416,15,2),(417,2,3),(417,10,3),(418,15,1),(418,17,2),(419,2,2),(419,4,3),(419,10,2),(419,11,2),(419,14,3),(420,2,1),(420,5,2),(420,7,3),(420,8,3),(420,11,1),(420,16,2),(421,5,1),(421,8,3),(422,2,3),(422,8,1),(422,10,1),(422,16,1),(423,2,3),(423,3,2),(423,5,2),(423,7,1),(423,12,3),(423,16,2),(424,8,1),(424,9,3),(424,10,3),(424,12,1),(425,3,2),(425,7,2),(425,12,2),(425,14,2),(425,15,3),(426,5,3),(426,6,3),(426,8,3),(426,17,2),(427,1,1),(427,7,1),(428,7,3),(428,11,2),(428,14,3),(429,1,2),(429,6,2),(429,8,1),(429,10,1),(429,12,3),(429,15,2),(430,1,2),(430,9,1),(430,11,3),(431,2,3),(431,5,2),(431,10,3),(431,12,2),(431,13,1),(431,14,3),(432,2,2),(432,8,3),(432,9,1),(432,14,2),(433,11,1),(434,2,2),(434,4,2),(434,11,1),(434,12,3),(434,14,3),(434,15,2),(435,1,2),(435,2,2),(435,3,3),(435,12,1),(435,15,3),(435,17,3),(436,2,1),(436,3,2),(436,5,3),(436,9,3),(436,12,3),(436,14,2),(437,6,2),(437,9,3),(437,11,2),(437,14,3),(438,16,1),(439,8,1),(439,10,2),(439,13,3),(439,16,3),(440,4,2),(440,13,3),(440,14,3),(441,1,3),(441,2,1),(441,6,3),(441,16,3),(442,3,3),(442,7,2),(442,8,2),(443,4,3),(443,6,2),(443,13,3),(443,15,3),(444,4,1),(445,2,1),(445,6,3),(445,12,2),(445,15,1),(446,2,2),(446,3,1),(446,5,3),(446,8,2),(446,17,3),(447,8,1),(447,11,2),(448,4,2),(448,12,2),(449,3,2),(449,15,1),(450,6,3),(450,9,2),(450,11,1),(451,1,2),(451,6,3),(451,8,2),(451,10,3),(451,12,3),(452,1,1),(452,7,3),(452,11,2),(452,13,3),(452,15,2),(453,3,3),(454,1,2),(454,2,1),(454,5,2),(454,12,1),(454,13,3),(454,17,1),(455,14,2),(456,7,3),(457,1,3),(457,5,2),(457,10,3),(457,11,3),(457,12,2),(458,1,2),(458,2,1),(458,5,1),(458,7,3),(458,13,1),(458,17,2),(459,9,1),(459,10,2),(459,17,2),(460,3,1),(460,14,2),(461,2,3),(461,3,3),(461,7,2),(461,8,1),(461,16,1),(462,3,2),(462,7,1),(462,9,2),(463,12,3),(464,8,1),(464,11,1),(464,12,2),(465,2,2),(465,7,1),(465,8,2),(465,11,2),(465,13,3),(466,4,1),(466,5,2),(466,8,3),(466,17,1),(467,8,2),(468,4,3),(468,5,3),(468,11,1),(468,12,1),(469,4,2),(469,12,3),(469,15,2),(470,9,2),(470,12,1),(470,15,3),(471,2,3),(472,1,1),(472,4,3),(473,6,2),(473,9,3),(473,11,3),(473,14,2),(473,16,1),(473,17,1),(474,4,2),(474,10,1),(474,11,1),(474,16,3),(475,4,1),(475,7,2),(475,10,2),(475,12,1),(475,13,1),(475,14,1),(476,11,3),(477,2,1),(477,3,3),(477,11,3),(477,12,3),(477,17,1),(478,1,1),(478,3,2),(478,8,1),(478,14,2),(479,17,2),(480,8,1),(480,9,3),(480,11,1),(480,14,1),(480,16,3),(480,17,2),(481,10,1),(481,11,3),(481,16,2),(482,1,3),(482,2,3),(482,4,1),(482,9,1),(483,1,1),(483,4,2),(483,5,1),(483,8,3),(483,9,2),(483,15,2),(484,8,2),(484,9,1),(485,1,3),(485,4,2),(485,13,3),(485,14,1),(486,9,1),(486,17,1),(487,6,3),(487,11,1),(487,12,3),(487,13,3),(488,6,1),(489,6,2),(490,1,2),(490,2,2),(490,7,1),(490,8,1),(490,11,3),(490,12,3),(491,1,1),(491,2,2),(491,4,2),(491,5,1),(491,6,1),(492,4,3),(492,6,2),(492,8,2),(493,4,2),(493,5,1),(493,7,2),(493,8,1),(493,11,1),(493,16,2),(494,1,3),(494,6,1),(494,9,2),(494,12,2),(494,16,3),(495,10,1),(496,2,3),(496,5,3),(497,5,2),(497,7,2),(497,8,3),(497,16,2),(498,8,3),(498,10,1),(498,16,2),(499,10,1),(499,12,3),(499,14,2),(500,2,1),(500,3,1),(500,5,1),(500,8,3),(500,14,3),(500,16,2),(501,7,1),(501,8,1),(501,9,2),(501,12,3),(501,13,3),(502,9,1),(502,10,3),(503,12,1),(504,4,3),(504,10,1),(505,6,3),(505,11,1),(505,17,1),(506,1,3),(506,16,1),(507,16,3),(507,17,3),(508,17,2),(509,1,2),(509,4,3),(509,8,2),(509,14,2),(509,17,2),(510,1,3),(510,5,3),(510,15,1),(510,16,3),(511,2,1),(511,10,3),(511,12,1),(511,13,3),(511,14,2),(512,5,3),(512,7,3),(512,9,1),(512,11,3),(512,13,3),(513,3,2),(514,1,3),(514,17,1),(515,1,2),(515,11,2),(516,4,2),(516,8,2),(516,13,3),(516,15,2),(517,9,2),(518,2,3),(518,3,2),(518,16,3),(518,17,3),(519,17,2),(520,2,2),(520,7,3),(520,9,3),(520,10,1),(520,12,3),(520,14,3),(521,4,1),(521,12,1),(522,17,1),(523,9,3),(523,17,1),(524,2,2),(524,3,2),(524,5,3),(524,10,1),(524,14,1),(525,15,1),(526,4,1),(526,7,1),(526,12,1),(527,3,3),(527,13,3),(528,3,3),(528,13,2),(528,14,1),(528,16,3),(529,7,1),(529,9,1),(530,3,3),(530,7,3),(530,8,2),(530,9,1),(530,10,1),(530,11,2),(531,3,1),(531,14,2),(531,17,3),(532,6,3),(533,5,2),(533,8,3),(533,10,1),(534,10,2),(534,11,1),(534,13,2),(534,14,3),(534,15,3),(535,4,1),(535,7,1),(535,9,2),(535,13,2),(535,14,1),(536,9,3),(536,13,3),(536,15,2),(537,2,2),(538,2,3),(538,8,3),(538,10,3),(538,16,2),(538,17,3),(539,2,2),(539,14,1),(540,3,1),(540,4,1),(540,5,2),(540,10,2),(540,12,1),(540,16,3),(541,12,1),(542,2,3),(542,3,2),(542,4,3),(542,11,2),(542,17,2),(543,4,1),(544,3,2),(544,6,3),(544,8,2),(544,13,1),(544,16,3),(545,7,3),(545,9,3),(545,10,2),(545,11,3),(546,3,1),(546,16,2),(546,17,2),(547,8,1),(547,11,1),(547,14,3),(548,8,1),(548,10,1),(548,13,1),(548,17,1),(549,3,1),(549,10,2),(549,12,1),(549,14,3),(549,15,2),(549,17,3),(550,15,3),(550,16,2),(550,17,3),(551,5,3),(551,7,1),(551,8,1),(551,14,3),(552,7,2),(552,8,3),(552,9,3),(552,14,1),(552,17,2),(553,7,1),(553,10,2),(553,17,1),(554,3,3),(554,7,3),(554,9,1),(554,11,3),(554,13,1),(555,3,1),(555,7,3),(555,10,1),(555,12,3),(555,14,3),(555,16,1),(556,4,1),(556,6,3),(556,9,1),(556,11,3),(556,13,2),(556,15,1),(557,1,3),(557,4,2),(557,8,3),(557,9,2),(557,10,1),(557,14,3),(558,3,3),(558,6,3),(558,16,3),(558,17,1),(559,5,2),(559,14,3),(560,4,1),(560,11,1),(560,17,3),(561,2,3),(561,9,1),(561,10,2),(561,12,2),(561,13,2),(561,17,1),(562,14,3),(563,2,1),(563,3,1),(563,8,1),(563,9,2),(564,4,1),(565,7,2),(565,8,3),(565,15,2),(565,16,3),(565,17,2),(566,9,1),(567,4,1),(567,6,2),(567,10,2),(567,14,1),(567,16,3),(567,17,1),(568,6,1),(569,1,3),(569,4,1),(569,9,2),(569,14,3),(570,7,2),(570,9,3),(570,12,2),(571,8,1),(572,2,2),(572,3,1),(572,14,3),(572,16,2),(573,8,3),(574,7,2),(574,11,3),(574,13,3),(574,15,3),(574,17,2),(575,3,2),(575,5,1),(575,9,1),(575,16,2),(576,6,2),(576,13,3),(576,15,1),(577,2,2),(577,7,3),(577,15,2),(578,4,1),(578,6,3),(578,11,3),(578,13,1),(579,1,3),(579,5,1),(579,6,2),(579,12,2),(580,1,2),(580,6,2),(580,12,2),(580,15,3),(581,1,2),(581,2,3),(581,15,1),(582,2,1),(582,10,2),(582,11,1),(582,12,2),(582,17,2),(583,11,1),(584,10,2),(584,13,3),(585,13,1),(586,12,2),(586,13,2),(587,12,2),(588,4,3),(588,8,3),(589,11,3),(589,16,1),(590,10,2),(590,13,3),(591,2,3),(591,10,2),(591,13,1),(591,14,2),(591,17,1),(592,4,3),(592,8,3),(592,11,2),(592,13,3),(592,17,2),(593,5,3),(593,8,3),(593,11,1),(594,3,1),(594,4,2),(594,7,3),(594,9,2),(595,4,3),(595,14,1),(596,1,3),(597,9,2),(597,16,1),(597,17,3),(598,3,3),(598,5,2),(598,9,3),(598,13,1),(599,1,3),(599,2,1),(599,3,2),(599,7,3),(599,8,2),(599,16,1),(600,7,3),(600,8,3),(600,12,1),(600,17,1),(601,1,2),(601,3,3),(601,4,3),(601,8,1),(601,9,1),(601,17,3),(602,2,1),(602,7,1),(602,9,3),(602,12,1),(602,16,1),(602,17,1),(603,2,2),(603,4,1),(603,15,1),(604,2,3),(604,5,3),(604,6,3),(604,13,3),(605,3,2),(605,10,2),(605,15,3),(606,8,2),(606,13,3),(606,17,1),(607,2,3),(607,5,2),(607,10,1),(607,17,3),(608,1,3),(608,6,3),(608,7,2),(608,8,1),(608,12,2),(608,15,1),(609,7,2),(609,12,2),(609,16,3),(610,3,1),(610,6,1),(610,9,2),(610,11,3),(610,15,3),(610,17,2),(611,3,2),(611,5,1),(611,7,2),(611,11,3),(611,14,2),(612,5,2),(613,1,3),(613,2,3),(613,4,2),(613,6,2),(613,9,3),(613,16,1),(614,1,1),(614,3,3),(614,8,1),(615,9,1),(616,3,3),(616,4,1),(616,10,2),(616,11,3),(616,14,2),(617,2,1),(617,14,3),(618,4,3),(618,7,2),(618,9,1),(619,1,1),(619,10,1),(619,13,1),(620,2,2),(620,3,3),(620,9,3),(620,12,1),(620,13,3),(620,14,2),(621,15,2),(622,1,1),(622,4,3),(622,6,2),(623,3,1),(623,5,2),(623,9,2),(623,16,2),(623,17,1),(624,1,3),(624,3,1),(624,6,3),(624,9,2),(624,13,1),(624,14,3),(625,8,1),(625,12,1),(625,13,1),(625,16,2),(626,2,1),(626,3,3),(626,5,3),(626,8,2),(626,13,3),(626,16,2),(627,13,1),(628,6,3),(628,14,1),(629,3,2),(630,14,3),(631,1,3),(631,7,2),(631,9,1),(631,15,2),(632,13,1),(632,15,3),(633,1,3),(633,3,2),(633,14,2),(634,14,2),(635,17,1),(636,8,1),(636,13,2),(636,14,1),(636,16,2),(637,4,2),(637,5,3),(637,9,2),(637,10,3),(637,12,1),(637,13,3),(638,1,1),(638,3,3),(638,4,1),(638,15,2),(638,16,1),(639,11,3),(640,2,3),(640,3,1),(640,5,2),(640,12,1),(640,14,2),(640,16,1),(641,7,1),(641,13,2),(641,14,1),(642,12,3),(643,2,3),(643,3,2),(643,5,1),(643,8,3),(643,15,2),(643,17,1),(644,3,3),(644,9,3),(644,10,2),(644,14,2),(644,16,3),(645,3,1),(645,12,1),(645,13,1),(646,2,2),(646,3,1),(646,9,2),(646,13,2),(647,1,1),(647,2,2),(647,6,1),(647,12,1),(647,14,3),(648,5,3),(648,6,1),(648,8,3),(648,15,3),(649,10,1),(650,2,1),(650,9,3),(650,12,3),(650,13,3),(650,14,2),(650,15,1),(651,1,2),(651,3,1),(651,14,1),(651,15,2),(652,9,3),(652,16,2),(652,17,1),(653,11,1),(653,14,2),(654,3,2),(654,7,1),(654,9,1),(654,12,1),(654,14,1),(655,1,2),(655,10,1),(656,1,1),(656,12,1),(656,14,1),(657,9,3),(657,11,1),(658,4,3),(658,7,2),(658,11,1),(658,13,2),(659,1,3),(659,5,1),(659,9,2),(659,12,3),(659,14,2),(659,17,1),(660,11,3),(660,15,2),(661,6,2),(661,10,3),(661,14,3),(662,7,1),(662,8,1),(662,10,2),(662,14,1),(663,6,3),(663,7,1),(663,8,3),(663,11,3),(663,15,2),(663,17,2),(664,5,1),(664,9,1),(664,10,3),(664,13,1),(665,3,1),(665,7,3),(665,13,2),(665,16,1),(666,7,2),(667,7,2),(668,4,1),(668,7,1),(668,8,1),(668,10,1),(668,11,3),(668,14,3),(669,2,1),(669,9,2),(669,14,1),(669,16,1),(670,3,1),(670,9,1),(670,14,1),(671,8,2),(671,10,2),(671,13,3),(671,14,2),(671,15,1),(672,3,3),(672,8,1),(672,9,2),(672,11,3),(672,15,3),(673,1,2),(674,6,2),(674,7,2),(674,11,2),(674,13,2),(674,15,2),(674,16,1),(675,2,1),(675,3,2),(675,7,2),(675,17,1),(676,1,3),(676,4,3),(676,10,1),(676,12,2),(676,15,1),(677,8,1),(677,10,1),(677,11,2),(678,2,1),(678,3,2),(678,5,3),(678,12,1),(678,13,2),(678,17,1),(679,3,1),(679,17,1),(680,5,1),(680,7,2),(680,15,3),(680,16,2),(680,17,3),(681,3,1),(681,12,2),(681,16,2),(682,15,1),(683,5,3),(683,14,2),(683,17,2),(684,2,1),(684,16,3),(685,4,1),(685,8,3),(685,12,1),(685,17,2),(686,1,1),(686,4,3),(686,8,2),(686,9,3),(686,13,2),(687,3,1),(687,5,1),(687,9,3),(687,10,2),(687,15,2),(688,3,1),(688,4,1),(688,10,3),(688,17,3),(689,2,3),(689,10,2),(689,12,1),(689,13,2),(689,15,1),(689,16,2),(690,10,2),(691,3,1),(691,6,1),(691,8,3),(691,16,1),(692,5,3),(692,8,3),(692,10,3),(693,1,2),(693,12,3),(694,9,3),(694,12,1),(694,13,1),(695,13,2),(696,3,3),(696,5,2),(696,12,3),(696,14,1),(696,15,1),(697,8,1),(697,10,2),(698,16,1),(699,4,2),(699,8,2),(699,9,3),(699,10,2),(699,13,2),(700,9,2),(700,11,1),(700,15,2),(701,3,2),(701,7,2),(701,10,3),(701,11,1),(702,3,2),(702,7,2),(702,12,3),(702,16,2),(702,17,2),(703,3,3),(703,8,3),(703,9,3),(703,12,1),(703,15,1),(704,2,3),(704,7,3),(704,9,3),(704,11,1),(705,8,3),(705,11,1),(705,12,3),(706,1,2),(707,6,2),(707,7,1),(707,12,1),(707,13,1),(707,14,2),(708,2,3),(708,5,2),(708,11,2),(708,13,1),(708,17,1),(709,1,3),(709,11,3),(709,12,3),(709,14,1),(710,2,2),(710,3,2),(710,7,1),(710,11,2),(710,13,1),(710,14,2),(711,9,3),(711,11,3),(711,12,3),(711,17,3),(712,3,1),(712,17,3),(713,1,2),(713,11,3),(713,13,2),(714,2,3),(714,6,1),(714,8,2),(714,15,3),(715,5,2),(715,16,2),(716,1,1),(717,2,2),(717,7,2),(717,8,1),(717,11,3),(717,12,1),(717,15,1),(718,6,1),(718,7,3),(718,8,3),(719,17,3),(720,11,1),(721,1,1),(721,3,1),(721,7,1),(721,8,2),(721,15,3),(722,8,1),(723,10,2),(723,13,3),(724,7,1),(724,13,3),(724,16,1),(725,2,3),(725,3,1),(725,5,3),(725,8,1),(725,11,2),(725,12,3),(726,2,3),(726,6,3),(726,7,2),(726,12,1),(726,14,3),(726,16,1),(727,8,2),(727,12,3),(728,6,3),(728,11,3),(728,14,2),(728,17,1),(729,9,1),(729,12,1),(729,13,2),(730,7,1),(730,10,3),(731,2,3),(731,3,3),(731,8,2),(731,11,2),(731,16,3),(732,7,2),(732,11,3),(732,16,1),(733,2,2),(733,6,2),(733,8,1),(733,9,1),(733,10,3),(733,13,1),(734,9,2),(735,15,3),(736,5,2),(736,9,2),(736,15,2),(736,17,2),(737,12,3),(738,2,2),(739,6,3),(740,1,3),(740,2,3),(740,7,3),(740,15,3),(741,1,1),(741,6,3),(741,7,3),(741,10,3),(741,12,3),(742,6,3),(742,8,3),(742,12,3),(743,4,3),(743,7,2),(744,1,1),(745,4,1),(745,15,1),(745,16,3),(746,1,1),(746,2,3),(746,8,1),(746,10,1),(746,15,1),(747,7,2),(747,14,1),(748,12,3),(748,14,2),(749,2,1),(749,7,2),(749,17,1),(750,3,2),(750,7,3),(750,8,2),(751,7,2),(751,9,2),(751,16,3),(751,17,3),(752,3,1),(752,14,3),(753,1,2),(753,4,2),(753,8,2),(754,1,1),(754,4,1),(754,5,1),(754,11,2),(754,13,2),(754,14,2),(755,9,2),(756,2,1),(756,3,2),(756,5,1),(756,15,2),(757,7,1),(757,8,3),(757,9,3),(757,13,2),(758,5,3),(758,11,3),(758,17,2),(759,5,1),(760,3,2),(760,8,3),(760,11,2),(760,14,1),(761,1,1),(761,7,1),(761,11,3),(761,12,2),(761,13,2),(762,3,1),(762,5,2),(762,11,1),(762,13,3),(762,14,3),(762,15,2),(763,3,1),(764,15,3),(765,5,3),(765,9,2),(766,1,2),(766,5,3),(767,4,2),(767,6,2),(767,7,2),(767,12,3),(767,15,3),(768,1,1),(769,1,2),(769,6,3),(769,7,3),(769,9,1),(769,10,2),(770,4,3),(770,8,2),(770,9,1),(770,11,3),(770,13,1),(770,14,1),(771,3,2),(771,7,3),(771,8,1),(771,10,3),(771,11,3),(771,16,1),(772,15,1),(773,5,1),(773,9,1),(773,10,3),(773,12,2),(774,2,1),(774,3,3),(774,8,3),(774,16,2),(775,1,3),(775,8,1),(775,10,1),(775,15,1),(775,16,3),(776,2,3),(776,4,2),(776,7,3),(776,15,1),(776,16,3),(776,17,2),(777,1,1),(777,2,1),(777,5,1),(778,2,2),(778,5,2),(778,7,1),(778,13,3),(778,14,3),(779,6,3),(780,1,3),(780,9,2),(780,10,3),(780,12,3),(780,15,1),(781,1,1),(781,5,1),(781,11,2),(782,9,1),(782,17,3),(783,10,2),(784,1,1),(784,2,3),(784,9,1),(784,14,2),(784,15,3),(784,17,2),(785,1,1),(785,4,3),(785,7,3),(785,8,2),(785,10,3),(785,12,3),(786,14,3),(787,13,1),(788,3,3),(788,6,2),(788,12,3),(789,4,2),(789,10,1),(790,2,2),(790,5,1),(790,10,2),(790,12,1),(791,5,3),(791,14,2),(792,2,2),(792,7,2),(792,10,3),(792,11,1),(792,12,3),(792,16,3),(793,9,3),(793,11,3),(793,12,3),(794,4,2),(794,13,2),(795,4,2),(795,7,1),(795,12,3),(795,13,2),(796,1,3),(796,2,1),(796,8,3),(796,11,3),(797,8,1),(797,11,2),(797,12,1),(797,14,3),(798,2,2),(798,3,3),(798,7,3),(798,8,3),(798,12,2),(799,2,2),(799,5,1),(800,2,2),(800,3,3),(800,8,3),(800,9,1),(800,14,1),(801,1,3),(802,1,2),(802,8,1),(802,11,3),(802,12,2),(803,13,1),(804,2,1),(804,3,2),(804,5,1),(804,14,1),(805,1,3),(805,2,1),(805,7,1),(805,8,1),(805,12,3),(805,14,3),(806,8,1),(807,9,2),(807,11,2),(808,3,1),(808,5,2),(808,6,3),(808,11,2),(808,12,2),(809,2,3),(809,9,3),(809,10,3),(809,12,1),(809,16,2),(809,17,3),(810,13,2),(811,4,2),(811,15,3),(812,3,2),(812,7,2),(812,11,2),(812,15,3),(812,16,3),(812,17,3),(813,5,3),(813,8,2),(813,11,3),(813,14,2),(813,17,1),(814,3,1),(814,6,2),(814,17,1),(815,4,3),(815,7,3),(815,8,3),(815,10,1),(815,12,1),(815,15,1),(816,2,3),(816,4,2),(816,7,1),(816,8,1),(816,10,2),(816,17,3),(817,2,2),(817,3,3),(817,8,2),(817,16,2),(818,1,1),(818,8,1),(818,11,1),(819,2,1),(819,9,2),(819,12,2),(819,14,2),(820,4,3),(820,5,3),(821,15,3),(822,3,3),(823,16,3),(824,5,3),(824,6,3),(824,9,1),(824,11,1),(824,13,3),(824,14,3),(825,1,3),(825,6,1),(825,10,2),(825,15,1),(826,6,3),(826,11,1),(826,12,3),(827,10,3),(827,14,1),(827,15,3),(828,2,1),(828,4,3),(828,7,1),(828,11,1),(828,12,1),(828,13,3),(829,7,2),(829,10,1),(829,16,1),(830,2,3),(830,9,2),(830,14,3),(830,15,2),(830,17,3),(831,2,2),(831,3,2),(831,10,3),(831,13,1),(832,1,3),(832,4,2),(832,6,2),(832,10,3),(833,4,2),(833,10,3),(833,13,2),(833,14,1),(833,15,3),(834,5,3),(834,7,1),(834,9,1),(835,7,3),(835,13,2),(835,14,2),(836,3,3),(836,5,1),(836,13,1),(837,8,2),(838,1,2),(838,5,1),(838,8,2),(838,15,3),(839,10,2),(839,16,3),(839,17,2),(840,5,2),(840,7,2),(840,9,3),(841,14,3),(842,1,2),(842,7,3),(843,9,1),(843,16,3),(844,2,2),(844,8,3),(844,9,1),(844,15,2),(845,2,1),(845,4,2),(845,14,3),(846,9,1),(846,10,3),(846,12,1),(846,13,3),(847,1,1),(847,4,3),(847,13,3),(848,10,3),(849,14,2),(850,8,2),(850,10,3),(850,11,1),(851,2,2),(851,10,3),(851,17,3),(852,4,1),(852,5,2),(852,7,3),(852,13,3),(853,2,2),(853,7,3),(853,8,3),(853,15,3),(854,7,2),(854,9,1),(854,11,1),(854,13,2),(855,2,1),(855,9,2),(855,11,2),(855,12,2),(855,17,1),(856,10,2),(856,13,2),(856,15,2),(856,17,3),(857,1,3),(857,2,3),(857,4,2),(857,11,1),(857,16,3),(858,14,2),(858,16,3),(859,1,2),(859,2,2),(859,4,1),(859,7,3),(859,11,1),(859,15,2),(860,4,1),(860,6,1),(860,9,1),(860,13,1),(861,12,1),(862,2,3),(862,3,1),(862,8,2),(862,11,1),(862,14,2),(863,8,1),(864,1,1),(864,7,1),(864,8,2),(864,11,2),(864,14,2),(865,4,1),(865,6,2),(865,8,1),(865,14,3),(865,17,3),(866,1,1),(866,2,3),(866,6,2),(866,11,1),(866,12,2),(867,4,3),(867,5,3),(867,14,3),(867,15,1),(868,7,2),(868,10,2),(868,12,1),(868,14,2),(868,17,1),(869,2,2),(869,3,1),(869,7,1),(869,10,3),(869,11,2),(869,17,2),(870,4,3),(871,4,1),(871,6,1),(871,9,2),(871,11,2),(871,15,2),(872,7,3),(872,8,1),(872,9,2),(872,11,3),(872,12,1),(872,14,1),(873,2,3),(873,5,2),(873,6,3),(873,10,1),(873,11,3),(873,15,1),(874,1,1),(874,8,3),(874,12,3),(875,4,2),(875,10,3),(875,13,3),(875,15,1),(876,3,2),(876,13,2),(877,9,3),(878,3,3),(878,7,2),(878,11,1),(878,13,3),(878,15,1),(878,16,3),(879,8,1),(880,7,2),(880,9,1),(880,10,1),(880,12,1),(880,13,3),(880,17,1),(881,10,3),(881,11,2),(882,2,2),(883,1,2),(883,3,2),(883,7,2),(883,10,3),(884,4,2),(884,7,2),(884,8,2),(884,11,2),(884,13,2),(884,14,2),(885,5,2),(885,13,1),(885,16,1),(886,1,2),(886,7,2),(886,11,1),(886,13,1),(887,3,2),(888,2,2),(888,3,2),(888,5,1),(888,6,1),(888,9,2),(888,13,2),(889,8,2),(889,10,1),(890,2,2),(890,5,1),(890,8,2),(890,10,1),(890,12,1),(890,16,1),(891,2,2),(891,7,3),(891,9,3),(891,11,3),(891,13,1),(891,16,1),(892,2,1),(892,9,2),(892,10,1),(893,1,3),(893,6,2),(893,7,1),(893,13,1),(893,14,3),(894,9,2),(894,10,3),(894,16,3),(895,2,1),(895,3,1),(895,7,2),(895,9,1),(895,16,2),(896,4,2),(896,5,1),(896,10,3),(896,14,3),(896,15,1),(896,16,1),(897,2,1),(897,6,2),(898,6,3),(898,10,1),(898,12,1),(898,14,1),(898,17,3),(899,2,3),(899,6,2),(899,8,1),(899,9,2),(899,12,3),(900,7,1),(900,13,1),(900,16,1),(901,1,2),(902,2,2),(902,10,1),(902,12,3),(903,1,1),(903,5,2),(903,13,2),(903,16,2),(904,6,3),(904,8,3),(904,11,2),(904,15,1),(905,1,3),(905,4,1),(905,7,3),(905,11,2),(905,15,1),(906,1,2),(906,4,3),(906,9,1),(906,10,2),(906,14,3),(906,15,3),(907,4,3),(907,10,3),(907,13,1),(908,1,1),(908,3,1),(908,5,3),(908,8,2),(908,14,3),(909,10,1),(909,16,3),(910,2,1),(910,5,1),(910,7,3),(910,12,3),(910,15,2),(910,17,3),(911,2,3),(911,14,1),(912,1,3),(912,3,2),(912,5,1),(912,11,1),(912,15,1),(912,17,3),(913,11,1),(913,14,1),(913,17,3),(914,1,2),(914,2,2),(914,17,3),(915,4,2),(915,5,1),(915,10,3),(915,12,3),(915,14,3),(915,15,1),(916,1,2),(916,3,2),(916,6,1),(916,9,3),(916,10,2),(916,17,1),(917,10,3),(917,16,3),(917,17,1),(918,3,3),(918,7,1),(918,11,3),(918,14,3),(919,1,1),(919,5,1),(919,10,1),(919,13,2),(919,14,2),(919,15,2),(920,7,2),(920,12,2),(921,3,1),(921,6,2),(921,12,3),(921,13,1),(921,16,1),(921,17,1),(922,2,1),(923,7,2),(923,9,3),(923,11,3),(924,3,2),(924,5,2),(924,7,3),(924,8,3),(924,10,3),(924,11,3),(925,3,2),(925,11,3),(925,15,2),(926,10,3),(926,13,1),(927,3,3),(928,13,1),(929,5,3),(929,6,2),(929,9,2),(930,3,1),(930,5,2),(930,14,1),(930,16,2),(931,9,2),(931,11,2),(932,6,1),(932,8,1),(933,8,1),(934,13,3),(934,14,1),(935,3,1),(935,4,3),(935,5,3),(935,6,1),(935,9,2),(935,15,3),(936,6,3),(936,10,3),(937,2,2),(937,3,2),(937,4,3),(937,8,3),(937,11,3),(937,13,2),(938,6,2),(938,7,1),(938,11,2),(938,12,1),(939,6,3),(939,8,3),(939,12,2),(939,15,1),(940,11,2),(940,14,1),(941,12,3),(941,14,1),(942,7,3),(942,15,1),(943,5,2),(943,10,2),(944,2,3),(944,3,1),(944,5,3),(944,8,2),(944,16,2),(945,1,1),(945,11,1),(945,13,1),(946,12,1),(947,5,1),(947,7,2),(947,15,3),(948,7,2),(948,13,1),(948,14,3),(949,8,1),(949,9,1),(949,11,2),(949,12,3),(949,14,2),(950,2,3),(950,4,2),(950,6,3),(950,7,3),(950,9,3),(950,11,1),(951,4,3),(951,9,3),(951,17,2),(952,5,2),(952,11,2),(952,12,3),(953,5,3),(953,6,1),(953,13,1),(953,14,1),(953,17,2),(954,3,1),(954,4,2),(954,11,3),(954,12,2),(955,1,3),(955,4,3),(955,12,2),(955,15,2),(955,17,3),(956,1,1),(956,11,3),(956,12,1),(956,14,2),(956,17,3),(957,2,3),(957,13,3),(958,2,3),(958,5,3),(958,7,2),(958,9,2),(958,12,3),(958,14,3),(959,1,2),(959,3,3),(959,7,1),(959,10,1),(959,12,1),(959,16,1),(960,1,2),(960,2,2),(960,6,2),(960,9,2),(960,11,3),(960,15,2),(961,7,2),(961,10,2),(961,16,1),(962,5,2),(962,8,2),(963,9,3),(964,3,3),(964,8,1),(964,10,1),(964,12,3),(964,16,3),(965,3,2),(965,14,3),(966,2,2),(966,17,3),(967,1,1),(967,2,1),(967,6,3),(968,2,1),(969,1,3),(969,5,2),(969,7,2),(969,8,1),(969,11,1),(970,1,2),(970,2,3),(970,4,1),(970,16,2),(971,2,2),(971,7,3),(971,9,3),(971,11,3),(971,13,2),(972,11,3),(972,13,2),(973,1,1),(973,7,2),(973,13,1),(974,9,3),(975,8,3),(975,11,3),(975,14,1),(975,15,1),(976,7,1),(977,3,2),(977,7,2),(977,8,1),(977,15,2),(977,17,3),(978,9,1),(978,16,3),(979,1,2),(979,4,1),(979,6,3),(979,10,1),(980,5,1),(980,7,2),(980,9,3),(980,13,1),(980,15,1),(981,7,1),(981,8,3),(981,10,3),(981,14,1),(982,4,3),(982,8,1),(982,10,1),(983,2,3),(983,7,1),(983,10,1),(983,11,1),(983,12,1),(984,16,3),(985,3,3),(985,10,1),(985,12,3),(985,16,2),(986,7,3),(987,10,2),(987,14,2),(988,3,1),(988,7,1),(988,10,2),(989,1,2),(989,4,2),(989,5,1),(989,8,3),(989,9,1),(989,11,2),(990,2,2),(990,5,1),(990,7,1),(990,9,3),(990,17,3),(991,2,2),(991,8,1),(991,14,3),(992,8,2),(992,11,3),(993,2,2),(993,6,1),(993,9,1),(993,13,1),(993,16,2),(994,2,1),(995,11,1),(995,16,2),(996,4,1),(996,8,1),(996,11,3),(997,1,3),(997,4,1),(997,8,1),(997,9,3),(997,10,3),(997,11,2),(998,1,2),(998,5,1),(998,15,3),(999,3,1),(999,5,2),(999,8,2),(999,11,3),(999,12,3),(1000,3,3),(1000,4,3),(1000,13,2);
/*!40000 ALTER TABLE `Orders_items` ENABLE KEYS */;
UNLOCK TABLES;

--
-- Table structure for table `Pays`
--

DROP TABLE IF EXISTS `Pays`;
/*!40101 SET @saved_cs_client     = @@character_set_client */;
/*!40101 SET character_set_client = utf8 */;
CREATE TABLE `Pays` (
  `id` int(11) NOT NULL,
  `pays` varchar(255) NOT NULL,
  PRIMARY KEY (`id`)
) ENGINE=InnoDB DEFAULT CHARSET=latin1;
/*!40101 SET character_set_client = @saved_cs_client */;

--
-- Dumping data for table `Pays`
--

LOCK TABLES `Pays` WRITE;
/*!40000 ALTER TABLE `Pays` DISABLE KEYS */;
INSERT INTO `Pays` VALUES (1,'France'),(2,'Espagne'),(3,'Allemagne');
/*!40000 ALTER TABLE `Pays` ENABLE KEYS */;
UNLOCK TABLES;

--
-- Table structure for table `Personnel`
--

DROP TABLE IF EXISTS `Personnel`;
/*!40101 SET @saved_cs_client     = @@character_set_client */;
/*!40101 SET character_set_client = utf8 */;
CREATE TABLE `Personnel` (
  `id` int(11) NOT NULL AUTO_INCREMENT,
  `prenom` varchar(255) NOT NULL,
  `nom` varchar(255) NOT NULL,
  `adresse` varchar(255) NOT NULL,
  `experience` float NOT NULL,
  `rib` varchar(255) NOT NULL,
  PRIMARY KEY (`id`)
) ENGINE=InnoDB AUTO_INCREMENT=151 DEFAULT CHARSET=latin1;
/*!40101 SET character_set_client = @saved_cs_client */;

--
-- Dumping data for table `Personnel`
--

LOCK TABLES `Personnel` WRITE;
/*!40000 ALTER TABLE `Personnel` DISABLE KEYS */;
INSERT INTO `Personnel` VALUES (1,'Valentine','Poirier','76, avenue Jrme Perrin 24527 Sainte Laurent',25,'FR78176191140797434931149167'),(2,'Michelle','Lecomte','1, rue Raynaud 72769 Perrier',13,'FR39410404341546920096475279'),(3,'lodie','Deschamps','3, rue de Carlier 76882 Gros',53,'FR45138518065952260465506871'),(4,'Anas','Lucas','37, rue de Torres 89001 Duboisnec',12,'FR92264827001699680493672315'),(5,'Bernadette','Giraud','5, avenue Maryse Garnier 53301 Delmas',11,'FR22991924933893817072614071'),(6,'Arthur','Gerard','1, boulevard Patrick Maury 31820 Tessier',13,'FR16800042054067986075718761'),(7,'Henri','Gauthier','rue Becker 02759 MerleVille',15,'FR19500020777586473361559548'),(8,'Mathilde','Mendes','6, rue de Berthelot 11117 Fouquet',14,'FR32581815413340522117378641'),(9,'Martin','Mendes','30, rue Martine Hernandez 89171 Prevost',12,'FR48970713220615006579631340'),(10,'Chantal','Sauvage','86, rue Coulon 86717 Albert',22,'FR71591683756842534421364179'),(11,'Claudine','Baron','avenue Roland Marechal 75657 Lefevre',21,'FR09697229489836888905612740'),(12,'Pierre','Verdier','720, rue Humbert 92941 BuissonVille',36,'FR22325002159026155051595640'),(13,'Patrick','Blanc','159, rue Aubry 31622 Bouchet',17,'FR43208438079115525796667299'),(14,'Stphanie','Riviere','2, chemin Stphane Dijoux 82632 PoulainVille',1,'FR72113688982294397985449462'),(15,'Marthe','Munoz','5, boulevard de Pons 28002 Ollivier',5,'FR55747081736391149949266600'),(16,'Alfred','Pereira','boulevard Marcel Faivre 86427 Grenier',8,'FR23203845975754823325236474'),(17,'Lorraine','Marin','375, rue Fleury 93620 Leroyboeuf',23,'FR43170883091614491256916116'),(18,'lodie','Chretien','50, avenue de Lemaire 45383 Gonzalez',20,'FR79376464213590451812290610'),(19,'Sophie','Gallet','219, boulevard Jules Raynaud 05241 Hoareau',20,'FR62832065053675192309974528'),(20,'Susanne','Gillet','rue Diaz 57603 Pineau',10,'FR16403194048120836659036633'),(21,'Nathalie','Besnard','rue Guillet 24818 Lambert',19,'FR89217008736533042024323938'),(22,'Auguste','Mathieu','32, avenue Adle Fabre 64449 Legendre',13,'FR41957167422898488729317430'),(23,'Marcelle','Laine','71, chemin de Pichon 55073 Diallo',18,'FR33223781364248458686666289'),(24,'Martine','Meyer','82, avenue Louise Dufour 30618 Ledoux',39,'FR88139474712592418323370918'),(25,'Ocane','Moreno','89, chemin de Renard 02959 Gomes',12,'FR38700828150439402864717123'),(26,'Benot','Mathieu','8, rue Boulanger 91133 Leveque-la-Fort',3,'FR83405316849952162859925123'),(27,'Jrme','Collin','55, rue Gilbert Bonnin 63549 Sainte Madeleine',21,'FR65112761702310799200263522'),(28,'Adle','Etienne','58, avenue Ccile Perret 09306 Masson',17,'FR10159171519784253909586574'),(29,'Honor','Gaillard','chemin de Bouchet 79451 Sainte Alice',20,'FR05437993220408392627518272'),(30,'Ccile','Lefort','rue de Pelletier 82601 Neveu',11,'FR19219290136243449322004364'),(31,'Chantal','Martel','295, rue Margaud Levy 49637 Delaunay',3,'FR08747210287091143905315745'),(32,'Franois','Besnard','boulevard de Le Goff 93004 Marchal-sur-Sanchez',14,'FR10485973383204630792096358'),(33,'Franois','Benard','156, avenue Mahe 44845 Sainte Sophie',5,'FR06039438551979587591663974'),(34,'Vincent','Paris','80, rue Jean 99930 Godard',29,'FR44730052421899914309101784'),(35,'Ocane','Ferreira','86, chemin Philippine Martel 57635 Sainte Alfred',25,'FR70828922109706220220968252'),(36,'Isabelle','Dumont','98, rue Guillaume 79436 Courtois-sur-Mer',2,'FR29360041922872002301145415'),(37,'Christophe','Blot','80, rue Huet 57466 Le GoffVille',23,'FR86122599543425742898240791'),(38,'Zacharie','Bourdon','37, rue lonore Lecoq 23310 Leroux',20,'FR25610385983302757111358857'),(39,'Ren','Benoit','rue Hardy 05036 Clement',9,'FR76307284641754654489331316'),(40,'Vronique','Bonnet','8, rue Luce Alves 80227 Sainte Virginie-la-Fort',21,'FR69118378900307403831589381'),(41,'Sbastien','Leclercq','78, rue Gallet 57838 Bernier-sur-Hoarau',7,'FR82581585641717347424868834'),(42,'Guy','Bonnet','67, rue Nol Vallee 90563 Legrosnec',4,'FR25245561789256232747730864'),(43,'Paulette','Mahe','312, chemin de Dijoux 34250 Lombard-sur-Guyon',14,'FR98682703131593605969678718'),(44,'Guillaume','Guillaume','516, rue Bouchet 32931 Lefevre-sur-Lagarde',40,'FR61030260372825170062417078'),(45,'Lorraine','Perrin','25, rue Franois Auger 03647 Saint Margaret',29,'FR48376440088288658643829243'),(46,'Suzanne','Deschamps','8, rue de Potier 73309 Sainte Davidboeuf',27,'FR44388039490684222194952195'),(47,'Arthur','Leleu','608, rue Christiane Pascal 10556 Briand-sur-Pinto',31,'FR37468739982487597405443148'),(48,'Roger','Bonnin','90, chemin de Julien 45510 Hoarau',3,'FR73066426101366683564894542'),(49,'Thomas','Humbert','92, boulevard Nath Martinez 12627 Barbiernec',4,'FR13219776044196283046522743'),(50,'dith','Guilbert','18, chemin Lemonnier 36531 Saint XavierVille',16,'FR29619832154865474980838821'),(51,'Patrick','Courtois','56, boulevard de Collet 35931 Gimenez',1,'FR29638132107680345842627174'),(52,'Lucie','Rey','99, avenue de Vidal 78980 Olivier',1,'FR72152724560542486887711215'),(53,'Laurent','Marques','316, boulevard Guillet 34374 LenoirVille',16,'FR95918191346384474063201802'),(54,'Margaret','Diaz','boulevard Monnier 88451 Godard-sur-Lebon',10,'FR07918652448415283346144885'),(55,'Ren','Martin','94, rue Ledoux 71123 Cohen',3,'FR56677974883884532718419084'),(56,'Lucy','Imbert','44, chemin de Roy 45854 Pineau-sur-Gerard',2,'FR89286217857620414218366481'),(57,'Valrie','Laine','10, chemin Alexandre 01143 Lefebvre',9,'FR29283330526577690761776390'),(58,'Lon','Vallee','rue Susan Ferrand 61726 LopezBourg',5,'FR87879878554480913210770889'),(59,'Anastasie','Cohen','84, rue de Leroux 07776 Roy-sur-Lefevre',19,'FR74989274996348702545839125'),(60,'Gabriel','Martel','1, chemin Benjamin Marchal 40007 HenryBourg',1,'FR28523771179151239244268782'),(61,'douard','Morin','38, rue Sbastien Blanchet 75561 NeveuVille',11,'FR89726872011646787324736585'),(62,'Jeannine','Raymond','90, boulevard Lemonnier 49046 Saint Sbastien',2,'FR89042039679506976671960205'),(63,'Emmanuelle','Parent','86, chemin Luc Albert 75212 GodardVille',17,'FR44395952827882741613605291'),(64,'Ocane','Barthelemy','83, avenue Philippine Jourdan 51712 Sainte Huguesboeuf',23,'FR73683624867897417704181216'),(65,'Catherine','Weber','71, avenue Alexandria Marchal 92969 Mercier',5,'FR86493949053493729730563257'),(66,'Manon','Gonzalez','70, chemin Stphane Dupont 68072 Ruiz',11,'FR39037865079143730818943308'),(67,'Simone','Lemaitre','8, rue Schmitt 59596 Sainte MarcBourg',7,'FR89197339838297097487642388'),(68,'Adlade','Joubert','46, avenue Susan Guyon 34970 Gilbert',20,'FR73792290601557996663913107'),(69,'Dorothe','Perrin','361, boulevard Breton 07220 Sainte BernadetteBourg',8,'FR48520001862703662139280803'),(70,'Marc','Blanchard','4, chemin Alix Guyot 90936 Masse',24,'FR50550064331913284932802363'),(71,'mile','Picard','1, boulevard Marguerite Richard 58760 Courtoisnec',20,'FR03765274382171944860379881'),(72,'Catherine','Langlois','70, rue de Barbe 95535 Millet',23,'FR97939037330412599690817222'),(73,'Thomas','Fernandes','92, rue de Descamps 70944 Cohen',21,'FR46252853044392802595184127'),(74,'Laurent','Chartier','rue de Gallet 48272 Sainte lise',9,'FR73110244848550262021236899'),(75,'Charles','Alexandre','88, rue David 96517 Saint Guillaume',18,'FR30479813375102385201782722'),(76,'Chantal','Huet','6, chemin Rossi 98594 Lambert-sur-Mer',22,'FR56513543975064116379596386'),(77,'Sbastien','Berthelot','boulevard Antoine Leclercq 31920 Allain',27,'FR54314557918299621889555112'),(78,'Thomas','Delaunay','boulevard de Perret 21028 PasquierBourg',34,'FR97416409172448383895714116'),(79,'Matthieu','Vaillant','95, rue Da Silva 88139 Caronboeuf',16,'FR95488344305975169124880124'),(80,'Andre','Pires','avenue de Chauvin 96376 Marin-sur-Mer',14,'FR14590492574925229017884716'),(81,'Yves','Philippe','63, boulevard Colin 07373 Marin-sur-Paul',15,'FR96929834283095385385284332'),(82,'Cline','Hubert','950, avenue Legendre 76405 Berthelotboeuf',3,'FR53036000225055962043347497'),(83,'Sylvie','Nicolas','186, rue Marianne Carpentier 64543 Saint lisenec',6,'FR52105133405779366649951749'),(84,'Anastasie','Philippe','73, chemin Louise Alexandre 16097 Roche',3,'FR64952760040583518033100254'),(85,'Lucie','Meyer','74, boulevard de Berger 90462 Bessondan',25,'FR69861611067792935565415904'),(86,'Nicolas','Lucas','61, boulevard Laetitia Gautier 98809 Sainte Pierre',20,'FR12255317178844473991517173'),(87,'Aim','Weiss','68, avenue Lejeune 72771 Poirier',42,'FR08244432927230757851073248'),(88,'Manon','Mace','76, avenue Delorme 57652 Sainte AlfredBourg',30,'FR49296621897500701318152921'),(89,'Luc','Meunier','41, rue Manon Carpentier 82848 Saint Caroline-la-Fort',13,'FR65081977687589934212578733'),(90,'Emmanuelle','Langlois','chemin Vallet 53617 Sainte Andre',9,'FR36111368845454586916763197'),(91,'Stphane','Leger','382, rue de Lagarde 59941 Saint Simonedan',10,'FR29564775249069903237823291'),(92,'Clmence','Gauthier','1, chemin de Etienne 12837 Saint Stphaniedan',14,'FR65018042038520816700445182'),(93,'Roger','Carlier','452, boulevard Dupre 91597 Dialloboeuf',2,'FR63595960201258052174397104'),(94,'Clmence','Carlier','chemin Laurence Baudry 63092 Carlier-les-Bains',20,'FR76296697025090365895480034'),(95,'Franois','Renard','27, boulevard Maurice 26882 Roche-sur-Lecoq',5,'FR67950779681681293672156822'),(96,'Virginie','Techer','72, boulevard de Martinez 91177 Legros-les-Bains',4,'FR51205222430300584522018919'),(97,'Alexandrie','Thomas','33, rue de Denis 86379 Guerin-sur-Humbert',14,'FR87020986254170584511194714'),(98,'mile','Alves','973, chemin Dupuis 62138 Sainte Clina',19,'FR40985399783569586579440534'),(99,'Aim','Leclerc','38, avenue daisy Collin 71377 Saint Daniel-les-Bains',19,'FR54510577193601025815446450'),(100,'ric','Charles','chemin Poulain 03769 Laine',6,'FR84856004106643849675537156'),(101,'Susanne','Mary','92, rue Genevive Denis 78586 Mallet',20,'FR78020277597240241049806184'),(102,'Vronique','Dubois','55, avenue Joseph Ledoux 68845 Bonnet-sur-Olivier',12,'FR97702373931063904283335499'),(103,'Christophe','Lenoir','58, avenue Chartier 96003 Pascal',19,'FR78069501324106227872681273'),(104,'Claire','Robin','22, rue Pelletier 47583 Collet-sur-Marin',22,'FR69407506853836234340504277'),(105,'Rene','Lebon','boulevard de Loiseau 61754 Wagner-sur-Blanchard',12,'FR65411060004825296595338376'),(106,'Marianne','Jacquot','57, avenue Dominique Pruvost 65205 Gomez-les-Bains',15,'FR45392544170377532796167352'),(107,'Susanne','Mary','avenue de Duhamel 20775 Massondan',25,'FR24164515879759374140355584'),(108,'Manon','Bertrand','83, boulevard Adlade Hoarau 81328 Sainte Nomi',6,'FR88857709549651553807200008'),(109,'Benot','Berthelot','40, avenue de Masse 14645 Saint Denis',16,'FR46295865480438402807165561'),(110,'William','Bourdon','rue Julien 66912 MoreauBourg',14,'FR80703766237667929686392508'),(111,'Diane','Lefevre','76, boulevard Adrienne Joseph 40184 Michel-sur-Breton',13,'FR58156594982973564945677008'),(112,'Maurice','Fournier','70, boulevard Valrie Humbert 15544 Bonnet',17,'FR81572483796596934954270217'),(113,'Hlne','Prevost','rue de Mary 77842 Marteldan',19,'FR12158906635063020093852879'),(114,'Monique','Voisin','72, rue de Marie 88210 Saint Martindan',4,'FR22875028728613863680836896'),(115,'Xavier','Hamon','rue Reynaud 78785 Paris',13,'FR81482115560935360100792137'),(116,'Camille','Aubry','57, rue Chevallier 19327 Hoarau',3,'FR54093810463852466181691348'),(117,'Xavier','Marchal','98, avenue de Chretien 78985 Picardboeuf',23,'FR36096189705680224001505192'),(118,'Susan','Jacquot','108, avenue dith Leconte 95629 Letellier',12,'FR02221565740285201059425544'),(119,'Patrick','Gonzalez','37, avenue Hugues Coulon 58322 LucasVille',20,'FR81923274012253781439189582'),(120,'Pnlope','Legros','rue Hubert 87645 Guillondan',6,'FR17343046418965425134658901'),(121,'Isaac','Legrand','90, avenue Monnier 08680 Lemonnier',23,'FR04572821738794751080320020'),(122,'Gilles','Auger','92, rue tienne Diaz 68560 Huet',18,'FR11677450912784938029637208'),(123,'Agathe','Deschamps','rue lisabeth Delahaye 21130 Briand',31,'FR11025344554014687300204355'),(124,'Claudine','Herve','7, avenue de Daniel 02740 Lecomte-sur-Mer',24,'FR73079953745095757337419029'),(125,'Antoinette','Mace','48, avenue de Bigot 52111 Riviere',22,'FR47303232257706231576017728'),(126,'Danielle','Lambert','51, rue de Pinto 95891 Arnaudboeuf',13,'FR34079905302717160489399932'),(127,'Christophe','Bouchet','2, rue Maggie Riviere 76741 Imbertdan',24,'FR64745084027446161095841005'),(128,'Charles','Benoit','30, avenue de Millet 59096 Grenier-sur-Perrier',11,'FR27219477396490789043114603'),(129,'Maryse','Carre','34, rue Maillet 19549 Sainte Anne',10,'FR35713501640143918838537904'),(130,'Laetitia','Masson','66, avenue de Weiss 36350 MenardBourg',3,'FR56751664179846534046782452'),(131,'Thrse','Bertrand','avenue Lefort 13819 Salmon-sur-Millet',22,'FR94344808726106541791212739'),(132,'Georges','Brunet','575, rue de Le Goff 20447 Saint Tristan-sur-Mer',15,'FR38828869666376122026065145'),(133,'Charlotte','Pichon','90, avenue Roland Mendes 18468 Blanc',21,'FR90886134037065679483734145'),(134,'Maurice','Thibault','rue Capucine Diallo 23663 Sainte Nathalie',17,'FR55496951688010430550476794'),(135,'Jacqueline','Gilles','8, chemin de Parent 19827 Durand',20,'FR79081415442104512887550966'),(136,'Adlade','Ruiz','2, avenue de Guillet 49425 Saint Jrmeboeuf',31,'FR14132518445606103727826493'),(137,'Raymond','Simon','41, avenue Robert Coulon 06003 Charrier',31,'FR58189901101412013874561651'),(138,'Christine','Torres','boulevard Dubois 79070 Monnier-sur-Pinto',16,'FR25913897107321490542708652'),(139,'Mathilde','Garnier','242, chemin Michelle Prevost 98430 Martineaunec',11,'FR14963083607589539127116259'),(140,'Julien','Weber','1, rue de Guibert 59059 Paris',22,'FR98460410212709388152117540'),(141,'Nathalie','Durand','424, rue Dupre 90354 Lecoq',6,'FR61628262976855564686680655'),(142,'Rmy','Baudry','avenue Sylvie Jean 68737 Herve',10,'FR38592755433177191170693228'),(143,'Guy','Perrier','8, chemin mile Guillet 90711 Simon',21,'FR15356395906475271500502790'),(144,'Hortense','Chevallier','86, chemin William Picard 66464 Dubois',10,'FR28959622433120466954836273'),(145,'Louis','Barbe','542, boulevard de Bonnet 78167 Vaillant',29,'FR12874627992987085850484098'),(146,'Christelle','Parent','boulevard de Perret 93564 Sainte Alexandrieboeuf',2,'FR82510532150743247432259690'),(147,'Andr','Gay','791, rue de Charpentier 11508 Rey',1,'FR68228816020413247661420027'),(148,'Joseph','Joseph','2, boulevard Lecoq 71763 Fouquetnec',27,'FR70077221824405509381290841'),(149,'Frdrique','Pereira','9, rue Stphane Sanchez 61883 Sainte Yves',9,'FR98370581567336354376379980'),(150,'Thodore','Poirier','16, rue Besnard 61820 Couturier',16,'FR49653884069783497687734245');
/*!40000 ALTER TABLE `Personnel` ENABLE KEYS */;
UNLOCK TABLES;

--
-- Table structure for table `Postes`
--

DROP TABLE IF EXISTS `Postes`;
/*!40101 SET @saved_cs_client     = @@character_set_client */;
/*!40101 SET character_set_client = utf8 */;
CREATE TABLE `Postes` (
  `id` int(11) NOT NULL AUTO_INCREMENT,
  `ind_id` int(11) NOT NULL,
  `resto_id` int(11) NOT NULL,
  `poste` enum('directeur','manager','employe') NOT NULL,
  `domaine` enum('cuisine','caisse') DEFAULT NULL,
  `superieur` int(11) DEFAULT NULL,
  `duree_mois` decimal(10,0) NOT NULL,
  `en_cours` tinyint(4) NOT NULL,
  PRIMARY KEY (`id`),
  KEY `Postes_fk0` (`ind_id`),
  KEY `Postes_fk1` (`resto_id`),
  KEY `Postes_fk2` (`superieur`),
  CONSTRAINT `Postes_fk0` FOREIGN KEY (`ind_id`) REFERENCES `Personnel` (`id`) ON DELETE CASCADE,
  CONSTRAINT `Postes_fk1` FOREIGN KEY (`resto_id`) REFERENCES `Restaurants` (`id`) ON DELETE CASCADE,
  CONSTRAINT `Postes_fk2` FOREIGN KEY (`superieur`) REFERENCES `Personnel` (`id`) ON DELETE CASCADE
) ENGINE=InnoDB AUTO_INCREMENT=201 DEFAULT CHARSET=latin1;
/*!40101 SET character_set_client = @saved_cs_client */;

--
-- Dumping data for table `Postes`
--

LOCK TABLES `Postes` WRITE;
/*!40000 ALTER TABLE `Postes` DISABLE KEYS */;
INSERT INTO `Postes` VALUES (1,64,1,'employe','cuisine',58,23,1),(2,16,1,'employe','cuisine',58,8,0),(3,8,1,'employe','cuisine',58,14,1),(4,58,1,'manager','cuisine',126,5,1),(5,126,1,'directeur','caisse',NULL,13,1),(6,57,1,'employe','caisse',58,9,1),(7,121,1,'employe','caisse',58,23,1),(8,103,1,'employe','cuisine',58,19,1),(9,34,1,'employe','caisse',58,9,0),(10,35,2,'manager','caisse',88,8,0),(11,29,2,'employe','cuisine',18,5,1),(12,67,2,'manager','cuisine',146,7,0),(13,23,2,'employe','cuisine',18,18,1),(14,88,2,'directeur','caisse',NULL,13,0),(15,123,2,'employe','caisse',18,19,0),(16,69,2,'employe','caisse',115,4,1),(17,66,2,'employe','caisse',115,11,1),(18,65,2,'employe','cuisine',18,5,1),(19,115,2,'manager','caisse',146,13,1),(20,3,2,'manager','caisse',88,21,0),(21,44,2,'employe','cuisine',35,23,0),(22,18,2,'manager','caisse',146,20,1),(23,75,2,'employe','cuisine',18,18,1),(24,85,2,'employe','caisse',3,8,0),(25,71,2,'employe','caisse',115,20,1),(26,36,2,'employe','caisse',115,2,1),(27,146,2,'directeur','cuisine',NULL,2,1),(28,10,2,'employe','cuisine',115,22,1),(29,127,2,'employe','cuisine',94,5,0),(30,94,2,'manager','cuisine',146,16,0),(31,124,2,'employe','caisse',115,21,0),(32,72,2,'employe','caisse',18,23,1),(33,61,2,'employe','caisse',35,6,0),(34,85,2,'employe','cuisine',35,8,0),(35,77,2,'employe','cuisine',18,5,0),(36,50,2,'employe','cuisine',35,2,0),(37,50,3,'employe','cuisine',81,14,1),(38,98,3,'employe','caisse',81,12,1),(39,117,3,'employe','cuisine',81,23,1),(40,93,3,'employe','cuisine',81,2,1),(41,48,3,'employe','caisse',81,3,1),(42,7,3,'employe','caisse',81,15,0),(43,122,3,'employe','cuisine',81,12,1),(44,141,3,'employe','cuisine',81,6,1),(45,77,3,'employe','caisse',81,22,1),(46,33,3,'employe','cuisine',81,5,1),(47,70,3,'employe','caisse',81,20,0),(48,26,3,'employe','caisse',81,3,0),(49,81,3,'manager','cuisine',138,15,1),(50,100,3,'employe','caisse',81,6,1),(51,144,3,'employe','caisse',81,1,0),(52,107,3,'directeur','caisse',NULL,4,0),(53,138,3,'directeur','caisse',NULL,16,1),(54,59,3,'employe','caisse',81,19,0),(55,84,4,'directeur','cuisine',NULL,3,1),(56,38,4,'employe','cuisine',105,20,1),(57,45,4,'employe','caisse',25,14,0),(58,60,4,'employe','cuisine',105,1,1),(59,91,4,'employe','caisse',105,10,1),(60,9,4,'employe','cuisine',5,2,0),(61,87,4,'employe','cuisine',25,22,0),(62,25,4,'manager','cuisine',84,12,0),(63,149,4,'employe','caisse',105,2,1),(64,105,4,'manager','caisse',84,12,1),(65,147,4,'employe','cuisine',105,1,1),(66,44,4,'employe','cuisine',105,2,1),(67,106,4,'employe','caisse',105,13,0),(68,135,4,'employe','cuisine',105,20,1),(69,5,4,'manager','cuisine',84,8,0),(70,116,4,'employe','cuisine',105,3,1),(71,92,4,'employe','cuisine',105,14,1),(72,76,4,'employe','cuisine',105,22,1),(73,19,5,'manager','caisse',129,20,1),(74,53,5,'manager','caisse',129,16,1),(75,129,5,'directeur','caisse',NULL,10,1),(76,80,5,'employe','cuisine',53,1,0),(77,102,5,'employe','cuisine',53,12,1),(78,130,5,'employe','cuisine',53,3,1),(79,11,5,'employe','cuisine',53,21,1),(80,73,5,'employe','cuisine',19,10,1),(81,74,5,'employe','caisse',53,9,1),(82,82,5,'employe','caisse',53,3,1),(83,95,5,'employe','cuisine',19,5,1),(84,131,5,'directeur','caisse',NULL,5,0),(85,127,5,'employe','caisse',19,19,1),(86,28,5,'employe','caisse',53,17,1),(87,128,5,'employe','caisse',53,11,1),(88,145,6,'employe','caisse',123,23,0),(89,136,6,'employe','caisse',123,17,0),(90,1,6,'manager','caisse',27,15,0),(91,44,6,'employe','cuisine',123,15,0),(92,27,6,'directeur','cuisine',NULL,21,1),(93,123,6,'manager','cuisine',27,12,1),(94,148,6,'employe','caisse',123,4,1),(95,70,6,'employe','cuisine',123,4,1),(96,54,6,'employe','cuisine',123,10,1),(97,133,6,'employe','cuisine',123,21,1),(98,2,6,'employe','caisse',123,13,1),(99,37,6,'employe','caisse',123,23,1),(100,15,6,'employe','caisse',123,5,1),(101,47,7,'manager','cuisine',14,21,1),(102,3,7,'employe','cuisine',47,15,1),(103,14,7,'directeur','caisse',NULL,1,1),(104,90,7,'employe','cuisine',47,9,1),(105,124,7,'employe','cuisine',47,3,1),(106,86,7,'employe','caisse',47,20,1),(107,79,8,'employe','cuisine',144,2,1),(108,24,8,'employe','caisse',144,20,1),(109,39,8,'employe','caisse',144,9,0),(110,52,8,'employe','cuisine',144,1,1),(111,21,8,'employe','caisse',144,19,1),(112,144,8,'manager','caisse',17,9,1),(113,17,8,'directeur','cuisine',NULL,7,1),(114,51,8,'employe','caisse',144,1,1),(115,140,8,'directeur','caisse',NULL,2,0),(116,46,8,'employe','caisse',144,16,0),(117,46,8,'employe','caisse',144,11,0),(118,63,8,'employe','cuisine',144,17,1),(119,94,8,'employe','caisse',144,4,1),(120,80,8,'employe','cuisine',144,4,0),(121,73,8,'directeur','caisse',NULL,11,0),(122,29,8,'directeur','caisse',NULL,15,0),(123,12,8,'employe','caisse',144,16,0),(124,78,8,'employe','cuisine',144,18,0),(125,137,8,'employe','caisse',144,16,0),(126,149,8,'employe','cuisine',144,7,0),(127,20,8,'employe','cuisine',144,10,1),(128,107,8,'employe','caisse',144,13,0),(129,13,8,'employe','cuisine',144,17,1),(130,22,9,'employe','cuisine',139,13,1),(131,78,9,'employe','caisse',139,16,0),(132,30,9,'employe','cuisine',69,11,0),(133,3,9,'employe','caisse',69,17,0),(134,136,9,'employe','cuisine',139,14,1),(135,12,9,'employe','cuisine',139,20,0),(136,96,9,'directeur','cuisine',NULL,4,1),(137,69,9,'manager','cuisine',24,4,0),(138,104,9,'employe','cuisine',139,22,1),(139,45,9,'employe','caisse',139,15,1),(140,4,9,'employe','caisse',139,12,1),(141,122,9,'employe','cuisine',69,6,0),(142,88,9,'employe','cuisine',69,17,0),(143,47,9,'employe','cuisine',139,10,0),(144,24,9,'directeur','caisse',NULL,19,0),(145,139,9,'manager','caisse',96,11,1),(146,56,9,'employe','caisse',139,2,1),(147,85,9,'employe','caisse',139,9,1),(148,108,10,'directeur','caisse',NULL,6,1),(149,32,10,'employe','cuisine',109,7,0),(150,109,10,'manager','caisse',108,16,1),(151,140,10,'employe','cuisine',109,20,0),(152,106,10,'employe','caisse',109,2,1),(153,148,10,'employe','caisse',109,23,0),(154,98,10,'directeur','caisse',NULL,7,0),(155,55,10,'employe','caisse',109,3,1),(156,1,10,'employe','caisse',109,6,1),(157,42,10,'employe','cuisine',109,4,1),(158,142,10,'employe','cuisine',109,10,1),(159,83,10,'employe','caisse',109,6,1),(160,87,10,'employe','caisse',109,20,1),(161,120,10,'employe','cuisine',109,6,1),(162,132,10,'employe','caisse',109,15,1),(163,61,10,'employe','cuisine',109,5,1),(164,143,11,'manager','cuisine',9,21,1),(165,118,11,'employe','caisse',143,12,1),(166,101,11,'employe','cuisine',143,20,1),(167,112,11,'manager','caisse',9,17,1),(168,114,11,'employe','cuisine',49,4,0),(169,9,11,'directeur','cuisine',NULL,10,1),(170,5,11,'employe','cuisine',112,3,1),(171,113,11,'employe','caisse',112,19,1),(172,119,11,'employe','caisse',143,20,1),(173,32,11,'employe','caisse',143,7,1),(174,89,11,'employe','caisse',112,13,1),(175,99,11,'employe','caisse',112,19,1),(176,131,11,'employe','caisse',143,17,1),(177,150,11,'employe','cuisine',112,16,1),(178,111,11,'employe','cuisine',49,13,0),(179,134,11,'employe','caisse',112,17,1),(180,35,11,'employe','cuisine',112,17,1),(181,49,11,'manager','caisse',9,4,0),(182,110,12,'employe','cuisine',6,14,0),(183,97,12,'employe','cuisine',6,14,1),(184,43,12,'employe','caisse',6,14,1),(185,41,12,'directeur','caisse',NULL,7,0),(186,40,12,'employe','cuisine',6,21,0),(187,80,12,'employe','cuisine',6,9,1),(188,68,12,'employe','cuisine',6,20,1),(189,62,12,'employe','cuisine',6,2,1),(190,1,12,'manager','cuisine',145,4,0),(191,31,12,'employe','cuisine',6,3,1),(192,79,12,'employe','cuisine',6,14,0),(193,34,12,'employe','cuisine',6,20,1),(194,125,12,'employe','caisse',1,7,0),(195,137,12,'employe','caisse',6,15,1),(196,145,12,'directeur','caisse',NULL,6,1),(197,6,12,'manager','caisse',145,13,1),(198,17,12,'employe','cuisine',1,16,0),(199,107,12,'employe','cuisine',6,8,0),(200,125,12,'employe','caisse',6,15,1);
/*!40000 ALTER TABLE `Postes` ENABLE KEYS */;
UNLOCK TABLES;

--
-- Table structure for table `Recettes`
--

DROP TABLE IF EXISTS `Recettes`;
/*!40101 SET @saved_cs_client     = @@character_set_client */;
/*!40101 SET character_set_client = utf8 */;
CREATE TABLE `Recettes` (
  `id` int(11) NOT NULL AUTO_INCREMENT,
  `item_id` int(11) NOT NULL,
  `ing_id` int(11) NOT NULL,
  `unites` double NOT NULL,
  PRIMARY KEY (`id`),
  KEY `Recettes_fk0` (`item_id`),
  KEY `Recettes_fk1` (`ing_id`),
  CONSTRAINT `Recettes_fk0` FOREIGN KEY (`item_id`) REFERENCES `Items` (`id`) ON DELETE CASCADE,
  CONSTRAINT `Recettes_fk1` FOREIGN KEY (`ing_id`) REFERENCES `Ingredients` (`id`) ON DELETE CASCADE
) ENGINE=InnoDB AUTO_INCREMENT=29 DEFAULT CHARSET=latin1;
/*!40101 SET character_set_client = @saved_cs_client */;

--
-- Dumping data for table `Recettes`
--

LOCK TABLES `Recettes` WRITE;
/*!40000 ALTER TABLE `Recettes` DISABLE KEYS */;
INSERT INTO `Recettes` VALUES (1,1,1,1),(2,1,2,1),(3,1,3,0.1),(4,1,4,0.2),(5,1,5,1),(6,1,6,1),(7,1,9,1),(8,2,1,1),(9,2,2,2),(10,2,3,0.1),(11,2,4,0.2),(12,2,5,1),(13,2,6,2),(14,2,9,1),(15,3,7,1),(16,3,8,1),(17,3,9,1),(18,4,10,2),(19,4,11,0.2),(20,5,3,0.5),(21,5,6,1),(22,5,7,1),(23,5,12,0.3),(24,5,13,1),(25,6,14,1),(26,6,15,1),(27,7,14,1),(28,7,16,1);
/*!40000 ALTER TABLE `Recettes` ENABLE KEYS */;
UNLOCK TABLES;

--
-- Table structure for table `Restaurants`
--

DROP TABLE IF EXISTS `Restaurants`;
/*!40101 SET @saved_cs_client     = @@character_set_client */;
/*!40101 SET character_set_client = utf8 */;
CREATE TABLE `Restaurants` (
  `id` int(11) NOT NULL AUTO_INCREMENT,
  `code_postal` char(5) NOT NULL,
  `ville` varchar(12) NOT NULL,
  `pays_id` int(11) NOT NULL,
  `capacite` int(11) NOT NULL,
  `espace_enfant` tinyint(4) NOT NULL,
  `borneCB` tinyint(4) NOT NULL,
  `handicap` tinyint(4) NOT NULL,
  `parking` tinyint(4) NOT NULL,
  PRIMARY KEY (`id`),
  UNIQUE KEY `code_postal` (`code_postal`),
  UNIQUE KEY `ville` (`ville`),
  KEY `Restaurants_fk0` (`pays_id`),
  CONSTRAINT `Restaurants_fk0` FOREIGN KEY (`pays_id`) REFERENCES `Pays` (`id`) ON DELETE CASCADE
) ENGINE=InnoDB AUTO_INCREMENT=13 DEFAULT CHARSET=latin1;
/*!40101 SET character_set_client = @saved_cs_client */;

--
-- Dumping data for table `Restaurants`
--

LOCK TABLES `Restaurants` WRITE;
/*!40000 ALTER TABLE `Restaurants` DISABLE KEYS */;
INSERT INTO `Restaurants` VALUES (1,'64000','Pau',1,80,0,0,1,1),(2,'64100','Bayonne',1,61,1,1,1,0),(3,'64200','Anglet',1,58,1,1,1,1),(4,'64600','Biarritz',1,95,0,0,0,0),(5,'75000','Paris',1,96,0,1,1,1),(6,'69000','Lyon',1,90,0,0,0,0),(7,'13000','Marseille',1,90,1,1,1,0),(8,'08000','Barcelone',2,89,0,0,1,1),(9,'20000','Donostia',2,47,1,0,1,1),(10,'28000','Madrid',2,91,0,1,0,1),(11,'10115','Berlin',3,81,1,1,0,1),(12,'80331','Munich',3,88,0,1,0,1);
/*!40000 ALTER TABLE `Restaurants` ENABLE KEYS */;
UNLOCK TABLES;

--
-- Table structure for table `SalairesNotes`
--

DROP TABLE IF EXISTS `SalairesNotes`;
/*!40101 SET @saved_cs_client     = @@character_set_client */;
/*!40101 SET character_set_client = utf8 */;
CREATE TABLE `SalairesNotes` (
  `ind_id` int(11) NOT NULL,
  `annee` char(4) NOT NULL,
  `salaire` decimal(10,0) NOT NULL,
  `note` int(11) DEFAULT NULL,
  UNIQUE KEY `ind_id` (`ind_id`,`annee`),
  CONSTRAINT `Salaires_fk0` FOREIGN KEY (`ind_id`) REFERENCES `Personnel` (`id`) ON DELETE CASCADE
) ENGINE=InnoDB DEFAULT CHARSET=latin1;
/*!40101 SET character_set_client = @saved_cs_client */;

--
-- Dumping data for table `SalairesNotes`
--

LOCK TABLES `SalairesNotes` WRITE;
/*!40000 ALTER TABLE `SalairesNotes` DISABLE KEYS */;
INSERT INTO `SalairesNotes` VALUES (1,'2017',3258,4),(1,'2018',3053,4),(1,'2019',1244,6),(2,'2018',2310,3),(2,'2019',3345,1),(3,'2015',1220,8),(3,'2016',2016,5),(3,'2017',1326,0),(3,'2018',1629,1),(3,'2019',2919,1),(4,'2019',2065,7),(5,'2019',1951,10),(6,'2018',1311,7),(6,'2019',2155,2),(7,'2018',3116,9),(7,'2019',2386,7),(8,'2018',3377,10),(8,'2019',3333,3),(9,'2019',2852,0),(10,'2018',1738,10),(10,'2019',2307,1),(11,'2018',2248,7),(11,'2019',3315,0),(12,'2017',3038,6),(12,'2018',2438,0),(12,'2019',2075,7),(13,'2018',1546,0),(13,'2019',2987,2),(14,'2019',2204,4),(15,'2019',1758,3),(16,'2019',2133,5),(17,'2018',2486,7),(17,'2019',3059,3),(18,'2018',2186,3),(18,'2019',3441,1),(19,'2018',3178,1),(19,'2019',1632,9),(20,'2019',1221,1),(21,'2018',1581,0),(21,'2019',3292,10),(22,'2018',2745,8),(22,'2019',2996,1),(23,'2018',3405,3),(23,'2019',2864,2),(24,'2016',2483,10),(24,'2017',3004,3),(24,'2018',2961,8),(24,'2019',2838,4),(25,'2019',2057,5),(26,'2019',1760,8),(27,'2018',3018,6),(27,'2019',2437,5),(28,'2018',2515,8),(28,'2019',3162,7),(29,'2018',3065,4),(29,'2019',2366,5),(30,'2019',1303,10),(31,'2019',1594,10),(32,'2018',2942,7),(32,'2019',1894,8),(33,'2019',1620,0),(34,'2017',2439,5),(34,'2018',1225,9),(34,'2019',2994,10),(35,'2017',3415,9),(35,'2018',2958,10),(35,'2019',2617,10),(36,'2019',1781,0),(37,'2018',1251,8),(37,'2019',2953,5),(38,'2018',3325,4),(38,'2019',2372,4),(39,'2019',1938,9),(40,'2018',2310,5),(40,'2019',2978,9),(41,'2019',2634,10),(42,'2019',2639,10),(43,'2018',3048,9),(43,'2019',1268,7),(44,'2016',1314,3),(44,'2017',3455,7),(44,'2018',2955,4),(44,'2019',1440,2),(45,'2017',2262,2),(45,'2018',3239,9),(45,'2019',1786,0),(46,'2017',3169,6),(46,'2018',2857,2),(46,'2019',2274,3),(47,'2017',1876,1),(47,'2018',2565,1),(47,'2019',3392,4),(48,'2019',1213,7),(49,'2019',3488,5),(50,'2018',2948,2),(50,'2019',3410,10),(51,'2019',2616,4),(52,'2019',1536,6),(53,'2018',1332,6),(53,'2019',1527,8),(54,'2019',1389,4),(55,'2019',2495,10),(56,'2019',2626,2),(57,'2019',2883,3),(58,'2019',2887,4),(59,'2018',3313,10),(59,'2019',2628,3),(60,'2019',3473,8),(61,'2019',3477,6),(62,'2019',3121,4),(63,'2018',2757,6),(63,'2019',2593,3),(64,'2018',1748,6),(64,'2019',2589,10),(65,'2019',2460,4),(66,'2019',1762,1),(67,'2019',2544,10),(68,'2018',1945,5),(68,'2019',1737,2),(69,'2019',2593,7),(70,'2018',1728,6),(70,'2019',1624,9),(71,'2018',3463,7),(71,'2019',3430,4),(72,'2018',1453,8),(72,'2019',3254,5),(73,'2018',2468,3),(73,'2019',2496,8),(74,'2019',2929,5),(75,'2018',2808,10),(75,'2019',1213,10),(76,'2018',2727,1),(76,'2019',2884,0),(77,'2017',3499,8),(77,'2018',3121,3),(77,'2019',3122,8),(78,'2017',2079,0),(78,'2018',1438,4),(78,'2019',2809,0),(79,'2018',1617,0),(79,'2019',3081,0),(80,'2018',2144,1),(80,'2019',2131,2),(81,'2018',1374,5),(81,'2019',1212,3),(82,'2019',2372,1),(83,'2019',2335,8),(84,'2019',2483,10),(85,'2017',3153,9),(85,'2018',1690,7),(85,'2019',3059,2),(86,'2018',2742,7),(86,'2019',3283,10),(87,'2016',3130,10),(87,'2017',1843,10),(87,'2018',3341,0),(87,'2019',2116,6),(88,'2017',2195,3),(88,'2018',2652,5),(88,'2019',3213,4),(89,'2018',3108,9),(89,'2019',3375,0),(90,'2019',2690,6),(91,'2019',1718,5),(92,'2018',1901,6),(92,'2019',2628,0),(93,'2019',3100,6),(94,'2018',3028,8),(94,'2019',2624,9),(95,'2019',2713,0),(96,'2019',2353,0),(97,'2018',2305,2),(97,'2019',1988,6),(98,'2018',1474,3),(98,'2019',1785,6),(99,'2018',3220,5),(99,'2019',3138,6),(100,'2019',1910,7),(101,'2018',3409,0),(101,'2019',2758,1),(102,'2019',2449,4),(103,'2018',2909,0),(103,'2019',1571,8),(104,'2018',3365,10),(104,'2019',1282,7),(105,'2019',2117,0),(106,'2018',2782,4),(106,'2019',3179,10),(107,'2017',3392,6),(107,'2018',2930,2),(107,'2019',2706,10),(108,'2019',1969,10),(109,'2018',3404,9),(109,'2019',3214,1),(110,'2018',2697,5),(110,'2019',1460,5),(111,'2018',1247,0),(111,'2019',1424,0),(112,'2018',3174,5),(112,'2019',3358,10),(113,'2018',3134,0),(113,'2019',2084,10),(114,'2019',1647,7),(115,'2018',2829,1),(115,'2019',1647,3),(116,'2019',3363,0),(117,'2018',1433,10),(117,'2019',3094,5),(118,'2019',2905,3),(119,'2018',2349,3),(119,'2019',2721,8),(120,'2019',1562,8),(121,'2018',2766,4),(121,'2019',2903,6),(122,'2018',2446,5),(122,'2019',2740,0),(123,'2017',3264,3),(123,'2018',3143,9),(123,'2019',2597,1),(124,'2018',2381,4),(124,'2019',3126,6),(125,'2018',3028,7),(125,'2019',2696,10),(126,'2018',1675,9),(126,'2019',1486,2),(127,'2018',2741,8),(127,'2019',3054,0),(128,'2019',2870,1),(129,'2019',2180,10),(130,'2019',2283,9),(131,'2018',2589,9),(131,'2019',1611,4),(132,'2018',2388,3),(132,'2019',2050,4),(133,'2018',3232,2),(133,'2019',3408,5),(134,'2018',2419,0),(134,'2019',1210,6),(135,'2018',2907,7),(135,'2019',2153,4),(136,'2017',3007,5),(136,'2018',1609,2),(136,'2019',2169,0),(137,'2017',2875,6),(137,'2018',1258,8),(137,'2019',3458,1),(138,'2018',1687,2),(138,'2019',2517,3),(139,'2019',1377,4),(140,'2018',3429,1),(140,'2019',1889,1),(141,'2019',1773,6),(142,'2019',2705,7),(143,'2018',2653,4),(143,'2019',3410,0),(144,'2019',1518,6),(145,'2017',2379,6),(145,'2018',2197,9),(145,'2019',2115,2),(146,'2019',3434,4),(147,'2019',3251,1),(148,'2017',1622,2),(148,'2018',3300,8),(148,'2019',1524,1),(149,'2019',1232,5),(150,'2018',1421,8),(150,'2019',1564,0);
/*!40000 ALTER TABLE `SalairesNotes` ENABLE KEYS */;
UNLOCK TABLES;

--
-- Table structure for table `Stocks`
--

DROP TABLE IF EXISTS `Stocks`;
/*!40101 SET @saved_cs_client     = @@character_set_client */;
/*!40101 SET character_set_client = utf8 */;
CREATE TABLE `Stocks` (
  `ing_id` int(11) NOT NULL,
  `rest_id` int(11) NOT NULL,
  `unites` int(11) DEFAULT NULL,
  UNIQUE KEY `ing_id` (`ing_id`,`rest_id`),
  KEY `Stocks_fk1` (`rest_id`),
  CONSTRAINT `Stocks_fk0` FOREIGN KEY (`ing_id`) REFERENCES `Ingredients` (`id`) ON DELETE CASCADE,
  CONSTRAINT `Stocks_fk1` FOREIGN KEY (`rest_id`) REFERENCES `Restaurants` (`id`) ON DELETE CASCADE
) ENGINE=InnoDB DEFAULT CHARSET=latin1;
/*!40101 SET character_set_client = @saved_cs_client */;

--
-- Dumping data for table `Stocks`
--

LOCK TABLES `Stocks` WRITE;
/*!40000 ALTER TABLE `Stocks` DISABLE KEYS */;
INSERT INTO `Stocks` VALUES (1,1,1830),(1,2,1832),(1,3,761),(1,4,1505),(1,5,1667),(1,6,1741),(1,7,57),(1,8,214),(1,9,1585),(1,10,705),(1,11,1487),(1,12,468),(2,1,240),(2,2,1964),(2,3,1597),(2,4,1232),(2,5,1872),(2,6,563),(2,7,792),(2,8,105),(2,9,844),(2,10,1182),(2,11,1050),(2,12,843),(3,1,1251),(3,2,179),(3,3,224),(3,4,1529),(3,5,1428),(3,6,897),(3,7,999),(3,8,1450),(3,9,328),(3,10,365),(3,11,1554),(3,12,1023),(4,1,1162),(4,2,1280),(4,3,456),(4,4,1073),(4,5,748),(4,6,1762),(4,7,793),(4,8,1201),(4,9,613),(4,10,1988),(4,11,1108),(4,12,1545),(5,1,345),(5,2,1940),(5,3,1605),(5,4,1623),(5,5,1519),(5,6,34),(5,7,1443),(5,8,589),(5,9,612),(5,10,481),(5,11,684),(5,12,262),(6,1,271),(6,2,564),(6,3,1175),(6,4,525),(6,5,173),(6,6,1744),(6,7,381),(6,8,268),(6,9,873),(6,10,326),(6,11,1030),(6,12,1482),(7,1,114),(7,2,1537),(7,3,174),(7,4,666),(7,5,51),(7,6,1278),(7,7,536),(7,8,1810),(7,9,993),(7,10,754),(7,11,0),(7,12,0),(8,1,1204),(8,2,603),(8,3,482),(8,4,1739),(8,5,807),(8,6,517),(8,7,65),(8,8,1638),(8,9,1943),(8,10,1715),(8,11,0),(8,12,0),(9,1,1425),(9,2,581),(9,3,1685),(9,4,274),(9,5,606),(9,6,115),(9,7,1403),(9,8,1511),(9,9,1405),(9,10,1406),(9,11,1349),(9,12,1441),(10,1,1817),(10,2,701),(10,3,1133),(10,4,90),(10,5,1030),(10,6,1001),(10,7,228),(10,8,0),(10,9,0),(10,10,0),(10,11,1741),(10,12,1404),(11,1,318),(11,2,525),(11,3,826),(11,4,381),(11,5,924),(11,6,1162),(11,7,1340),(11,8,0),(11,9,0),(11,10,0),(11,11,599),(11,12,59),(12,1,871),(12,2,735),(12,3,1991),(12,4,1939),(12,5,343),(12,6,1934),(12,7,1955),(12,8,20),(12,9,393),(12,10,1892),(12,11,0),(12,12,0),(13,1,328),(13,2,1142),(13,3,1691),(13,4,377),(13,5,1),(13,6,1906),(13,7,1697),(13,8,1655),(13,9,1941),(13,10,518),(13,11,0),(13,12,0),(14,1,468),(14,2,348),(14,3,1972),(14,4,972),(14,5,931),(14,6,1532),(14,7,647),(14,8,1482),(14,9,718),(14,10,1106),(14,11,1331),(14,12,1635),(15,1,1413),(15,2,621),(15,3,826),(15,4,69),(15,5,504),(15,6,965),(15,7,628),(15,8,0),(15,9,0),(15,10,0),(15,11,883),(15,12,1420),(16,1,618),(16,2,789),(16,3,1039),(16,4,859),(16,5,426),(16,6,865),(16,7,478),(16,8,579),(16,9,1475),(16,10,880),(16,11,147),(16,12,1450);
/*!40000 ALTER TABLE `Stocks` ENABLE KEYS */;
UNLOCK TABLES;
/*!40103 SET TIME_ZONE=@OLD_TIME_ZONE */;

/*!40101 SET SQL_MODE=@OLD_SQL_MODE */;
/*!40014 SET FOREIGN_KEY_CHECKS=@OLD_FOREIGN_KEY_CHECKS */;
/*!40014 SET UNIQUE_CHECKS=@OLD_UNIQUE_CHECKS */;
/*!40101 SET CHARACTER_SET_CLIENT=@OLD_CHARACTER_SET_CLIENT */;
/*!40101 SET CHARACTER_SET_RESULTS=@OLD_CHARACTER_SET_RESULTS */;
/*!40101 SET COLLATION_CONNECTION=@OLD_COLLATION_CONNECTION */;
/*!40111 SET SQL_NOTES=@OLD_SQL_NOTES */;

-- Dump completed on 2020-01-19 20:21:52
